{
  "files": [],
  "packages": [
    {
      "name": "MathNet.Numerics.Signed",
      "SPDXID": "SPDXRef-Package-681B78A232303686681BD818B0D190BE6C105857B1F5C087E2FC1952A264EA58",
      "downloadLocation": "NOASSERTION",
      "filesAnalyzed": false,
      "licenseConcluded": "NOASSERTION",
      "licenseDeclared": "NOASSERTION",
      "copyrightText": "NOASSERTION",
      "versionInfo": "5.0.0",
      "externalRefs": [
        {
          "referenceCategory": "PACKAGE-MANAGER",
          "referenceType": "purl",
          "referenceLocator": "pkg:nuget/MathNet.Numerics.Signed@5.0.0"
        }
      ],
      "supplier": "NOASSERTION"
    },
    {
      "name": "System.Drawing.Common",
      "SPDXID": "SPDXRef-Package-D104A2A6563DC14DADA50A43307C03A5E7249D23141336EB3B6D9B635DFEB482",
      "downloadLocation": "NOASSERTION",
      "filesAnalyzed": false,
      "licenseConcluded": "NOASSERTION",
      "licenseDeclared": "NOASSERTION",
      "copyrightText": "NOASSERTION",
      "versionInfo": "8.0.4",
      "externalRefs": [
        {
          "referenceCategory": "PACKAGE-MANAGER",
          "referenceType": "purl",
          "referenceLocator": "pkg:nuget/System.Drawing.Common@8.0.4"
        }
      ],
      "supplier": "NOASSERTION"
    },
    {
      "name": "Microsoft.IdentityModel.Tokens",
      "SPDXID": "SPDXRef-Package-1F6868692BA92B8833FB7BDD49335660B27070F01FE640B02ABF3CF85E9E917F",
      "downloadLocation": "NOASSERTION",
      "filesAnalyzed": false,
      "licenseConcluded": "NOASSERTION",
      "licenseDeclared": "NOASSERTION",
      "copyrightText": "NOASSERTION",
      "versionInfo": "6.30.1",
      "externalRefs": [
        {
          "referenceCategory": "PACKAGE-MANAGER",
          "referenceType": "purl",
          "referenceLocator": "pkg:nuget/Microsoft.IdentityModel.Tokens@6.30.1"
        }
      ],
      "supplier": "NOASSERTION"
    },
    {
      "name": "Microsoft.Bcl.AsyncInterfaces",
      "SPDXID": "SPDXRef-Package-1B079B578C50036D5A0DC1B1E3E5A7F7B045B06EE48E5EE8C59B29861C0863FC",
      "downloadLocation": "NOASSERTION",
      "filesAnalyzed": false,
      "licenseConcluded": "NOASSERTION",
      "licenseDeclared": "NOASSERTION",
      "copyrightText": "NOASSERTION",
      "versionInfo": "1.1.0",
      "externalRefs": [
        {
          "referenceCategory": "PACKAGE-MANAGER",
          "referenceType": "purl",
          "referenceLocator": "pkg:nuget/Microsoft.Bcl.AsyncInterfaces@1.1.0"
        }
      ],
      "supplier": "NOASSERTION"
    },
    {
      "name": "Newtonsoft.Json",
      "SPDXID": "SPDXRef-Package-B886264C88915A93892AFBE3D28CD5B3C8B7990F0C6A47AD506184440C46436E",
      "downloadLocation": "NOASSERTION",
      "filesAnalyzed": false,
      "licenseConcluded": "NOASSERTION",
      "licenseDeclared": "NOASSERTION",
      "copyrightText": "NOASSERTION",
      "versionInfo": "13.0.3",
      "externalRefs": [
        {
          "referenceCategory": "PACKAGE-MANAGER",
          "referenceType": "purl",
          "referenceLocator": "pkg:nuget/Newtonsoft.Json@13.0.3"
        }
      ],
      "supplier": "NOASSERTION"
    },
    {
      "name": "Antlr4.Runtime.Standard",
      "SPDXID": "SPDXRef-Package-4995F8D031EF7590447F1F4B315A14815138D2B78CF9F7C8699A8AA5C02C70EB",
      "downloadLocation": "NOASSERTION",
      "filesAnalyzed": false,
      "licenseConcluded": "NOASSERTION",
      "licenseDeclared": "NOASSERTION",
      "copyrightText": "NOASSERTION",
      "versionInfo": "4.13.1",
      "externalRefs": [
        {
          "referenceCategory": "PACKAGE-MANAGER",
          "referenceType": "purl",
          "referenceLocator": "pkg:nuget/Antlr4.Runtime.Standard@4.13.1"
        }
      ],
      "supplier": "NOASSERTION"
    },
    {
      "name": "PostSharp.Patterns.Model.Redist",
      "SPDXID": "SPDXRef-Package-99B484564D51CC13C9CFEAEF3B587B994347C43EBCE51E4A30F1AD0AB53F6F1A",
      "downloadLocation": "NOASSERTION",
      "filesAnalyzed": false,
      "licenseConcluded": "NOASSERTION",
      "licenseDeclared": "NOASSERTION",
      "copyrightText": "NOASSERTION",
      "versionInfo": "2024.0.8",
      "externalRefs": [
        {
          "referenceCategory": "PACKAGE-MANAGER",
          "referenceType": "purl",
          "referenceLocator": "pkg:nuget/PostSharp.Patterns.Model.Redist@2024.0.8"
        }
      ],
      "supplier": "NOASSERTION"
    },
    {
      "name": "PostSharp.Patterns.Common",
      "SPDXID": "SPDXRef-Package-3036FA4AA4AA8E25839A015031B16C7C68F673BE21CD50A5A3E074465C383F13",
      "downloadLocation": "NOASSERTION",
      "filesAnalyzed": false,
      "licenseConcluded": "NOASSERTION",
      "licenseDeclared": "NOASSERTION",
      "copyrightText": "NOASSERTION",
      "versionInfo": "2024.0.8",
      "externalRefs": [
        {
          "referenceCategory": "PACKAGE-MANAGER",
          "referenceType": "purl",
          "referenceLocator": "pkg:nuget/PostSharp.Patterns.Common@2024.0.8"
        }
      ],
      "supplier": "NOASSERTION"
    },
    {
      "name": "HtmlAgilityPack",
      "SPDXID": "SPDXRef-Package-69A986D6F543ED157CF60B09C3CDD7A4405DF633256C00FEFBC53DA1956B1EE5",
      "downloadLocation": "NOASSERTION",
      "filesAnalyzed": false,
      "licenseConcluded": "NOASSERTION",
      "licenseDeclared": "NOASSERTION",
      "copyrightText": "NOASSERTION",
      "versionInfo": "1.11.60",
      "externalRefs": [
        {
          "referenceCategory": "PACKAGE-MANAGER",
          "referenceType": "purl",
          "referenceLocator": "pkg:nuget/HtmlAgilityPack@1.11.60"
        }
      ],
      "supplier": "NOASSERTION"
    },
    {
      "name": "Azure.AI.OpenAI",
      "SPDXID": "SPDXRef-Package-862E9A22FAE549CD97CBE81F8E67DB96A1FAFA78EA6B24BFD39C34B067014678",
      "downloadLocation": "NOASSERTION",
      "filesAnalyzed": false,
      "licenseConcluded": "NOASSERTION",
      "licenseDeclared": "NOASSERTION",
      "copyrightText": "NOASSERTION",
      "versionInfo": "1.0.0-beta.9",
      "externalRefs": [
        {
          "referenceCategory": "PACKAGE-MANAGER",
          "referenceType": "purl",
          "referenceLocator": "pkg:nuget/Azure.AI.OpenAI@1.0.0-beta.9"
        }
      ],
      "supplier": "NOASSERTION"
    },
    {
      "name": "Microsoft.TeamFoundationServer.Client",
      "SPDXID": "SPDXRef-Package-D85926065BB4CE37A6FA6F50EAF742F233EE07208ECD20E72875B22A91F718D5",
      "downloadLocation": "NOASSERTION",
      "filesAnalyzed": false,
      "licenseConcluded": "NOASSERTION",
      "licenseDeclared": "NOASSERTION",
      "copyrightText": "NOASSERTION",
      "versionInfo": "19.225.1",
      "externalRefs": [
        {
          "referenceCategory": "PACKAGE-MANAGER",
          "referenceType": "purl",
          "referenceLocator": "pkg:nuget/Microsoft.TeamFoundationServer.Client@19.225.1"
        }
      ],
      "supplier": "NOASSERTION"
    },
    {
      "name": "Microsoft.IdentityModel.Logging",
      "SPDXID": "SPDXRef-Package-B5E9DFA3EF880DFD63E464878A4D9F62FD34E8760F0877C125CEF609A459E577",
      "downloadLocation": "NOASSERTION",
      "filesAnalyzed": false,
      "licenseConcluded": "NOASSERTION",
      "licenseDeclared": "NOASSERTION",
      "copyrightText": "NOASSERTION",
      "versionInfo": "6.30.1",
      "externalRefs": [
        {
          "referenceCategory": "PACKAGE-MANAGER",
          "referenceType": "purl",
          "referenceLocator": "pkg:nuget/Microsoft.IdentityModel.Logging@6.30.1"
        }
      ],
      "supplier": "NOASSERTION"
    },
    {
      "name": "System.Memory",
      "SPDXID": "SPDXRef-Package-BA5D8D1B5043A468B09DDBF48DCFC7DDD44949EE05A23A14F02AE8AA5183745C",
      "downloadLocation": "NOASSERTION",
      "filesAnalyzed": false,
      "licenseConcluded": "NOASSERTION",
      "licenseDeclared": "NOASSERTION",
      "copyrightText": "NOASSERTION",
      "versionInfo": "4.5.4",
      "externalRefs": [
        {
          "referenceCategory": "PACKAGE-MANAGER",
          "referenceType": "purl",
          "referenceLocator": "pkg:nuget/System.Memory@4.5.4"
        }
      ],
      "supplier": "NOASSERTION"
    },
    {
      "name": "System.Text.Json",
      "SPDXID": "SPDXRef-Package-5D96F0103707CBCFF84B28D306BD0C6F4464B149E2C79A6D1218CC1E093FFD25",
      "downloadLocation": "NOASSERTION",
      "filesAnalyzed": false,
      "licenseConcluded": "NOASSERTION",
      "licenseDeclared": "NOASSERTION",
      "copyrightText": "NOASSERTION",
      "versionInfo": "4.7.2",
      "externalRefs": [
        {
          "referenceCategory": "PACKAGE-MANAGER",
          "referenceType": "purl",
          "referenceLocator": "pkg:nuget/System.Text.Json@4.7.2"
        }
      ],
      "supplier": "NOASSERTION"
    },
    {
      "name": "Microsoft.VisualStudio.Services.Client",
      "SPDXID": "SPDXRef-Package-22082FD72E8CF130874BE5C4C34DAF5C0760879E4935A27DAD871E64F0280929",
      "downloadLocation": "NOASSERTION",
      "filesAnalyzed": false,
      "licenseConcluded": "NOASSERTION",
      "licenseDeclared": "NOASSERTION",
      "copyrightText": "NOASSERTION",
      "versionInfo": "19.225.1",
      "externalRefs": [
        {
          "referenceCategory": "PACKAGE-MANAGER",
          "referenceType": "purl",
          "referenceLocator": "pkg:nuget/Microsoft.VisualStudio.Services.Client@19.225.1"
        }
      ],
      "supplier": "NOASSERTION"
    },
    {
      "name": "Microsoft.Identity.Client.Extensions.Msal",
      "SPDXID": "SPDXRef-Package-F1A6940BF5D403F3E064202A7FC4F6D1AE1534716BF53B2F46B0DF5AA70197D2",
      "downloadLocation": "NOASSERTION",
      "filesAnalyzed": false,
      "licenseConcluded": "NOASSERTION",
      "licenseDeclared": "NOASSERTION",
      "copyrightText": "NOASSERTION",
      "versionInfo": "2.23.0",
      "externalRefs": [
        {
          "referenceCategory": "PACKAGE-MANAGER",
          "referenceType": "purl",
          "referenceLocator": "pkg:nuget/Microsoft.Identity.Client.Extensions.Msal@2.23.0"
        }
      ],
      "supplier": "NOASSERTION"
    },
    {
      "name": "System.Configuration.ConfigurationManager",
      "SPDXID": "SPDXRef-Package-B3D5F30C6F4C897DA31933117BFB391A9177287CC31D26072129972E47E06996",
      "downloadLocation": "NOASSERTION",
      "filesAnalyzed": false,
      "licenseConcluded": "NOASSERTION",
      "licenseDeclared": "NOASSERTION",
      "copyrightText": "NOASSERTION",
      "versionInfo": "8.0.0",
      "externalRefs": [
        {
          "referenceCategory": "PACKAGE-MANAGER",
          "referenceType": "purl",
          "referenceLocator": "pkg:nuget/System.Configuration.ConfigurationManager@8.0.0"
        }
      ],
      "supplier": "NOASSERTION"
    },
    {
      "name": "PostSharp.Patterns.Aggregation.Redist",
      "SPDXID": "SPDXRef-Package-6379CCB25AF5E1D2D13BBCF25714BF668FEFAF783E34D1CF18559CCD8F256B56",
      "downloadLocation": "NOASSERTION",
      "filesAnalyzed": false,
      "licenseConcluded": "NOASSERTION",
      "licenseDeclared": "NOASSERTION",
      "copyrightText": "NOASSERTION",
      "versionInfo": "2024.0.8",
      "externalRefs": [
        {
          "referenceCategory": "PACKAGE-MANAGER",
          "referenceType": "purl",
          "referenceLocator": "pkg:nuget/PostSharp.Patterns.Aggregation.Redist@2024.0.8"
        }
      ],
      "supplier": "NOASSERTION"
    },
    {
      "name": "System.ValueTuple",
      "SPDXID": "SPDXRef-Package-C1475C5380732C85127A15B8BADF74D2619786E90578875B650082AE4497BC14",
      "downloadLocation": "NOASSERTION",
      "filesAnalyzed": false,
      "licenseConcluded": "NOASSERTION",
      "licenseDeclared": "NOASSERTION",
      "copyrightText": "NOASSERTION",
      "versionInfo": "4.5.0",
      "externalRefs": [
        {
          "referenceCategory": "PACKAGE-MANAGER",
          "referenceType": "purl",
          "referenceLocator": "pkg:nuget/System.ValueTuple@4.5.0"
        }
      ],
      "supplier": "NOASSERTION"
    },
    {
      "name": "Microsoft.Identity.Client",
      "SPDXID": "SPDXRef-Package-4AEC43C47D6DFEEF0C68C67CD0D82CB712910D99C8D539F8E2CF18F97E4B8F59",
      "downloadLocation": "NOASSERTION",
      "filesAnalyzed": false,
      "licenseConcluded": "NOASSERTION",
      "licenseDeclared": "NOASSERTION",
      "copyrightText": "NOASSERTION",
      "versionInfo": "4.54.1",
      "externalRefs": [
        {
          "referenceCategory": "PACKAGE-MANAGER",
          "referenceType": "purl",
          "referenceLocator": "pkg:nuget/Microsoft.Identity.Client@4.54.1"
        }
      ],
      "supplier": "NOASSERTION"
    },
    {
      "name": "Microsoft.IdentityModel.Abstractions",
      "SPDXID": "SPDXRef-Package-ED6E8FB997A6D78D08443EC95BD284BFE932248A440D142BCB8557A36DC4A5A2",
      "downloadLocation": "NOASSERTION",
      "filesAnalyzed": false,
      "licenseConcluded": "NOASSERTION",
      "licenseDeclared": "NOASSERTION",
      "copyrightText": "NOASSERTION",
      "versionInfo": "6.30.1",
      "externalRefs": [
        {
          "referenceCategory": "PACKAGE-MANAGER",
          "referenceType": "purl",
          "referenceLocator": "pkg:nuget/Microsoft.IdentityModel.Abstractions@6.30.1"
        }
      ],
      "supplier": "NOASSERTION"
    },
    {
      "name": "Azure.Core",
      "SPDXID": "SPDXRef-Package-B627A9A962CA4EC270A6BB33055B6D932D9140ED98F117C25A3ACCD02894A5DE",
      "downloadLocation": "NOASSERTION",
      "filesAnalyzed": false,
      "licenseConcluded": "NOASSERTION",
      "licenseDeclared": "NOASSERTION",
      "copyrightText": "NOASSERTION",
      "versionInfo": "1.35.0",
      "externalRefs": [
        {
          "referenceCategory": "PACKAGE-MANAGER",
          "referenceType": "purl",
          "referenceLocator": "pkg:nuget/Azure.Core@1.35.0"
        }
      ],
      "supplier": "NOASSERTION"
    },
    {
      "name": "System.ComponentModel.Composition",
      "SPDXID": "SPDXRef-Package-45F18602780C4D414694A3E1A8C6A21F6860CAA639E4A56E1C0498902B5457CC",
      "downloadLocation": "NOASSERTION",
      "filesAnalyzed": false,
      "licenseConcluded": "NOASSERTION",
      "licenseDeclared": "NOASSERTION",
      "copyrightText": "NOASSERTION",
      "versionInfo": "8.0.0",
      "externalRefs": [
        {
          "referenceCategory": "PACKAGE-MANAGER",
          "referenceType": "purl",
          "referenceLocator": "pkg:nuget/System.ComponentModel.Composition@8.0.0"
        }
      ],
      "supplier": "NOASSERTION"
    },
    {
      "name": "Microsoft.AspNet.WebApi.Client",
      "SPDXID": "SPDXRef-Package-FB8EF87A04ABBDDE238C1B9302C41D39A089FDC8A755C4F352B2784CD890726B",
      "downloadLocation": "NOASSERTION",
      "filesAnalyzed": false,
      "licenseConcluded": "NOASSERTION",
      "licenseDeclared": "NOASSERTION",
      "copyrightText": "NOASSERTION",
      "versionInfo": "5.2.7",
      "externalRefs": [
        {
          "referenceCategory": "PACKAGE-MANAGER",
          "referenceType": "purl",
          "referenceLocator": "pkg:nuget/Microsoft.AspNet.WebApi.Client@5.2.7"
        }
      ],
      "supplier": "NOASSERTION"
    },
    {
      "name": "PostSharp.Patterns.Aggregation",
      "SPDXID": "SPDXRef-Package-7A132B5887E2748F11F31E4E55F7095F2134380DE1C42F92CADE24226E2C9DF8",
      "downloadLocation": "NOASSERTION",
      "filesAnalyzed": false,
      "licenseConcluded": "NOASSERTION",
      "licenseDeclared": "NOASSERTION",
      "copyrightText": "NOASSERTION",
      "versionInfo": "2024.0.8",
      "externalRefs": [
        {
          "referenceCategory": "PACKAGE-MANAGER",
          "referenceType": "purl",
          "referenceLocator": "pkg:nuget/PostSharp.Patterns.Aggregation@2024.0.8"
        }
      ],
      "supplier": "NOASSERTION"
    },
    {
      "name": "System.Memory.Data",
      "SPDXID": "SPDXRef-Package-836302A10D83B34AB15735A3BD20F9E5195E5C19F576DD54B2A803F042B4449F",
      "downloadLocation": "NOASSERTION",
      "filesAnalyzed": false,
      "licenseConcluded": "NOASSERTION",
      "licenseDeclared": "NOASSERTION",
      "copyrightText": "NOASSERTION",
      "versionInfo": "1.0.2",
      "externalRefs": [
        {
          "referenceCategory": "PACKAGE-MANAGER",
          "referenceType": "purl",
          "referenceLocator": "pkg:nuget/System.Memory.Data@1.0.2"
        }
      ],
      "supplier": "NOASSERTION"
    },
    {
      "name": "PostSharp.Redist",
      "SPDXID": "SPDXRef-Package-F8DE50729125DAC360E3A686403D3A2C3DC10909D104DA633FFA3EB999037C4F",
      "downloadLocation": "NOASSERTION",
      "filesAnalyzed": false,
      "licenseConcluded": "NOASSERTION",
      "licenseDeclared": "NOASSERTION",
      "copyrightText": "NOASSERTION",
      "versionInfo": "2024.0.8",
      "externalRefs": [
        {
          "referenceCategory": "PACKAGE-MANAGER",
          "referenceType": "purl",
          "referenceLocator": "pkg:nuget/PostSharp.Redist@2024.0.8"
        }
      ],
      "supplier": "NOASSERTION"
    },
    {
      "name": "PostSharp.Patterns.Threading",
      "SPDXID": "SPDXRef-Package-55FBA99B1D65EDB6759C80CCBDCE0996BC6490650FA4CA8E6FA9DE29866D0DAC",
      "downloadLocation": "NOASSERTION",
      "filesAnalyzed": false,
      "licenseConcluded": "NOASSERTION",
      "licenseDeclared": "NOASSERTION",
      "copyrightText": "NOASSERTION",
      "versionInfo": "2024.0.8",
      "externalRefs": [
        {
          "referenceCategory": "PACKAGE-MANAGER",
          "referenceType": "purl",
          "referenceLocator": "pkg:nuget/PostSharp.Patterns.Threading@2024.0.8"
        }
      ],
      "supplier": "NOASSERTION"
    },
    {
      "name": "System.IdentityModel.Tokens.Jwt",
      "SPDXID": "SPDXRef-Package-A51161C96823E35F18ECB01793B545733228CEB78738651BD5BF03B9683AE351",
      "downloadLocation": "NOASSERTION",
      "filesAnalyzed": false,
      "licenseConcluded": "NOASSERTION",
      "licenseDeclared": "NOASSERTION",
      "copyrightText": "NOASSERTION",
      "versionInfo": "6.30.1",
      "externalRefs": [
        {
          "referenceCategory": "PACKAGE-MANAGER",
          "referenceType": "purl",
          "referenceLocator": "pkg:nuget/System.IdentityModel.Tokens.Jwt@6.30.1"
        }
      ],
      "supplier": "NOASSERTION"
    },
    {
      "name": "Microsoft.AspNet.WebApi.Core",
      "SPDXID": "SPDXRef-Package-0036185CFC5D903DD9210D1FA4BAF6EACE18C961FBCA96B55969F2D0ADD1006E",
      "downloadLocation": "NOASSERTION",
      "filesAnalyzed": false,
      "licenseConcluded": "NOASSERTION",
      "licenseDeclared": "NOASSERTION",
      "copyrightText": "NOASSERTION",
      "versionInfo": "5.2.7",
      "externalRefs": [
        {
          "referenceCategory": "PACKAGE-MANAGER",
          "referenceType": "purl",
          "referenceLocator": "pkg:nuget/Microsoft.AspNet.WebApi.Core@5.2.7"
        }
      ],
      "supplier": "NOASSERTION"
    },
    {
      "name": "Microsoft.TeamFoundation.DistributedTask.Common.Contracts",
      "SPDXID": "SPDXRef-Package-5E8B61B595E583BBEF7ADCA095CBE2B5B173E786C455120EF6B9C37A13089A6E",
      "downloadLocation": "NOASSERTION",
      "filesAnalyzed": false,
      "licenseConcluded": "NOASSERTION",
      "licenseDeclared": "NOASSERTION",
      "copyrightText": "NOASSERTION",
      "versionInfo": "19.225.1",
      "externalRefs": [
        {
          "referenceCategory": "PACKAGE-MANAGER",
          "referenceType": "purl",
          "referenceLocator": "pkg:nuget/Microsoft.TeamFoundation.DistributedTask.Common.Contracts@19.225.1"
        }
      ],
      "supplier": "NOASSERTION"
    },
    {
      "name": "Microsoft.Bcl.AsyncInterfaces",
      "SPDXID": "SPDXRef-Package-6B6117AB3417AA50C1DF8B47DB834F43608FA2A493BD063B0DCD0310BE1691FC",
      "downloadLocation": "NOASSERTION",
      "filesAnalyzed": false,
      "licenseConcluded": "NOASSERTION",
      "licenseDeclared": "NOASSERTION",
      "copyrightText": "NOASSERTION",
      "versionInfo": "1.1.1",
      "externalRefs": [
        {
          "referenceCategory": "PACKAGE-MANAGER",
          "referenceType": "purl",
          "referenceLocator": "pkg:nuget/Microsoft.Bcl.AsyncInterfaces@1.1.1"
        }
      ],
      "supplier": "NOASSERTION"
    },
    {
      "name": "PostSharp.Patterns.Threading.Redist",
      "SPDXID": "SPDXRef-Package-D5F937CDC86CBC13B5803898689C63EA3744103C3CA6BA564224AFB751812E7E",
      "downloadLocation": "NOASSERTION",
      "filesAnalyzed": false,
      "licenseConcluded": "NOASSERTION",
      "licenseDeclared": "NOASSERTION",
      "copyrightText": "NOASSERTION",
      "versionInfo": "2024.0.8",
      "externalRefs": [
        {
          "referenceCategory": "PACKAGE-MANAGER",
          "referenceType": "purl",
          "referenceLocator": "pkg:nuget/PostSharp.Patterns.Threading.Redist@2024.0.8"
        }
      ],
      "supplier": "NOASSERTION"
    },
    {
      "name": "PostSharp.Patterns.Common.Redist",
      "SPDXID": "SPDXRef-Package-490397CA5E7A67CC7226926418351663AEC1B56062EE0469D8461D7DBAD4A0FC",
      "downloadLocation": "NOASSERTION",
      "filesAnalyzed": false,
      "licenseConcluded": "NOASSERTION",
      "licenseDeclared": "NOASSERTION",
      "copyrightText": "NOASSERTION",
      "versionInfo": "2024.0.8",
      "externalRefs": [
        {
          "referenceCategory": "PACKAGE-MANAGER",
          "referenceType": "purl",
          "referenceLocator": "pkg:nuget/PostSharp.Patterns.Common.Redist@2024.0.8"
        }
      ],
      "supplier": "NOASSERTION"
    },
    {
      "name": "Microsoft.VisualStudio.Services.InteractiveClient",
      "SPDXID": "SPDXRef-Package-8425361196B240DBA621FD99DF72107E5EF7AD21887F5BF85084C6D81043C05D",
      "downloadLocation": "NOASSERTION",
      "filesAnalyzed": false,
      "licenseConcluded": "NOASSERTION",
      "licenseDeclared": "NOASSERTION",
      "copyrightText": "NOASSERTION",
      "versionInfo": "19.225.1",
      "externalRefs": [
        {
          "referenceCategory": "PACKAGE-MANAGER",
          "referenceType": "purl",
          "referenceLocator": "pkg:nuget/Microsoft.VisualStudio.Services.InteractiveClient@19.225.1"
        }
      ],
      "supplier": "NOASSERTION"
    },
    {
      "name": "Microsoft.AspNet.WebApi.WebHost",
      "SPDXID": "SPDXRef-Package-B6EB77607AF75F718E21D28F4BA0EE84239C8DE9830FF9719907EE090332AADF",
      "downloadLocation": "NOASSERTION",
      "filesAnalyzed": false,
      "licenseConcluded": "NOASSERTION",
      "licenseDeclared": "NOASSERTION",
      "copyrightText": "NOASSERTION",
      "versionInfo": "5.2.7",
      "externalRefs": [
        {
          "referenceCategory": "PACKAGE-MANAGER",
          "referenceType": "purl",
          "referenceLocator": "pkg:nuget/Microsoft.AspNet.WebApi.WebHost@5.2.7"
        }
      ],
      "supplier": "NOASSERTION"
    },
    {
      "name": "System.Security.Cryptography.ProtectedData",
      "SPDXID": "SPDXRef-Package-01FBE39297615D5615DCAF2AB4E213D489A90F4CC6E7CAA4E1F22CC76BA02C6A",
      "downloadLocation": "NOASSERTION",
      "filesAnalyzed": false,
      "licenseConcluded": "NOASSERTION",
      "licenseDeclared": "NOASSERTION",
      "copyrightText": "NOASSERTION",
      "versionInfo": "8.0.0",
      "externalRefs": [
        {
          "referenceCategory": "PACKAGE-MANAGER",
          "referenceType": "purl",
          "referenceLocator": "pkg:nuget/System.Security.Cryptography.ProtectedData@8.0.0"
        }
      ],
      "supplier": "NOASSERTION"
    },
    {
      "name": "System.Runtime.CompilerServices.Unsafe",
      "SPDXID": "SPDXRef-Package-1B140F7FA3F784DD56CC7A8B4145E9AD58D8CDD4C249A0F27F2262E47C9B41AF",
      "downloadLocation": "NOASSERTION",
      "filesAnalyzed": false,
      "licenseConcluded": "NOASSERTION",
      "licenseDeclared": "NOASSERTION",
      "copyrightText": "NOASSERTION",
      "versionInfo": "6.0.0",
      "externalRefs": [
        {
          "referenceCategory": "PACKAGE-MANAGER",
          "referenceType": "purl",
          "referenceLocator": "pkg:nuget/System.Runtime.CompilerServices.Unsafe@6.0.0"
        }
      ],
      "supplier": "NOASSERTION"
    },
    {
      "name": "PostSharp",
      "SPDXID": "SPDXRef-Package-8757039A8B547FF9C2EE2B141D443488CCF34AEE4C0D0668CA502A8050812221",
      "downloadLocation": "NOASSERTION",
      "filesAnalyzed": false,
      "licenseConcluded": "NOASSERTION",
      "licenseDeclared": "NOASSERTION",
      "copyrightText": "NOASSERTION",
      "versionInfo": "2024.0.8",
      "externalRefs": [
        {
          "referenceCategory": "PACKAGE-MANAGER",
          "referenceType": "purl",
          "referenceLocator": "pkg:nuget/PostSharp@2024.0.8"
        }
      ],
      "supplier": "NOASSERTION"
    },
    {
      "name": "System.Runtime.CompilerServices.Unsafe",
      "SPDXID": "SPDXRef-Package-931589BD44AB626716D546809406FE4D919C164FF884EA04D57BA10E2A8D64EC",
      "downloadLocation": "NOASSERTION",
      "filesAnalyzed": false,
      "licenseConcluded": "NOASSERTION",
      "licenseDeclared": "NOASSERTION",
      "copyrightText": "NOASSERTION",
      "versionInfo": "4.7.1",
      "externalRefs": [
        {
          "referenceCategory": "PACKAGE-MANAGER",
          "referenceType": "purl",
          "referenceLocator": "pkg:nuget/System.Runtime.CompilerServices.Unsafe@4.7.1"
        }
      ],
      "supplier": "NOASSERTION"
    },
    {
      "name": "System.Text.Encodings.Web",
      "SPDXID": "SPDXRef-Package-79635115AF84D923E985A49E76247A70F70FB8798FC292158F9B6D6B4E2A0336",
      "downloadLocation": "NOASSERTION",
      "filesAnalyzed": false,
      "licenseConcluded": "NOASSERTION",
      "licenseDeclared": "NOASSERTION",
      "copyrightText": "NOASSERTION",
      "versionInfo": "4.7.2",
      "externalRefs": [
        {
          "referenceCategory": "PACKAGE-MANAGER",
          "referenceType": "purl",
          "referenceLocator": "pkg:nuget/System.Text.Encodings.Web@4.7.2"
        }
      ],
      "supplier": "NOASSERTION"
    },
    {
      "name": "Microsoft.IdentityModel.JsonWebTokens",
      "SPDXID": "SPDXRef-Package-BF26B2207107EFC0BA7C9457143425D48C35B9E4A5F642A1E9C13D0A672387B4",
      "downloadLocation": "NOASSERTION",
      "filesAnalyzed": false,
      "licenseConcluded": "NOASSERTION",
      "licenseDeclared": "NOASSERTION",
      "copyrightText": "NOASSERTION",
      "versionInfo": "6.30.1",
      "externalRefs": [
        {
          "referenceCategory": "PACKAGE-MANAGER",
          "referenceType": "purl",
          "referenceLocator": "pkg:nuget/Microsoft.IdentityModel.JsonWebTokens@6.30.1"
        }
      ],
      "supplier": "NOASSERTION"
    },
    {
      "name": "PostSharp.Patterns.Model",
      "SPDXID": "SPDXRef-Package-ECE93C9EE20F13DBEB21733C05EB3B862E623EB3E2898ABCDEF42D50D83E6815",
      "downloadLocation": "NOASSERTION",
      "filesAnalyzed": false,
      "licenseConcluded": "NOASSERTION",
      "licenseDeclared": "NOASSERTION",
      "copyrightText": "NOASSERTION",
      "versionInfo": "2024.0.8",
      "externalRefs": [
        {
          "referenceCategory": "PACKAGE-MANAGER",
          "referenceType": "purl",
          "referenceLocator": "pkg:nuget/PostSharp.Patterns.Model@2024.0.8"
        }
      ],
      "supplier": "NOASSERTION"
    },
    {
      "name": "System.IO.Packaging",
      "SPDXID": "SPDXRef-Package-8BC3AC3EB64349AAF877392CAC4013F1DE0514391B577FC1130B68A54543CE1C",
      "downloadLocation": "NOASSERTION",
      "filesAnalyzed": false,
      "licenseConcluded": "NOASSERTION",
      "licenseDeclared": "NOASSERTION",
      "copyrightText": "NOASSERTION",
      "versionInfo": "8.0.0",
      "externalRefs": [
        {
          "referenceCategory": "PACKAGE-MANAGER",
          "referenceType": "purl",
          "referenceLocator": "pkg:nuget/System.IO.Packaging@8.0.0"
        }
      ],
      "supplier": "NOASSERTION"
    },
    {
      "name": "Threats Manager Platform",
      "SPDXID": "SPDXRef-RootPackage",
      "downloadLocation": "NOASSERTION",
      "packageVerificationCode": {
        "packageVerificationCodeValue": "da39a3ee5e6b4b0d3255bfef95601890afd80709"
      },
      "filesAnalyzed": true,
      "licenseConcluded": "NOASSERTION",
      "licenseInfoFromFiles": [
        "NOASSERTION"
      ],
      "licenseDeclared": "NOASSERTION",
      "copyrightText": "NOASSERTION",
      "versionInfo": "2.2.1",
      "externalRefs": [
        {
          "referenceCategory": "PACKAGE-MANAGER",
          "referenceType": "purl",
          "referenceLocator": "pkg:swid/Simone%20Curzi/github.com/Threats%20Manager%20Platform@2.2.1?tag_id=ee66066d-38d7-4536-b35d-63c00f872921"
        }
      ],
      "supplier": "Organization: Simone Curzi",
      "hasFiles": []
    }
  ],
  "externalDocumentRefs": [],
  "relationships": [
    {
      "relationshipType": "DESCRIBES",
      "relatedSpdxElement": "SPDXRef-RootPackage",
      "spdxElementId": "SPDXRef-DOCUMENT"
    },
    {
      "relationshipType": "DEPENDS_ON",
      "relatedSpdxElement": "SPDXRef-Package-1B140F7FA3F784DD56CC7A8B4145E9AD58D8CDD4C249A0F27F2262E47C9B41AF",
      "spdxElementId": "SPDXRef-RootPackage"
    },
    {
      "relationshipType": "DEPENDS_ON",
      "relatedSpdxElement": "SPDXRef-Package-01FBE39297615D5615DCAF2AB4E213D489A90F4CC6E7CAA4E1F22CC76BA02C6A",
      "spdxElementId": "SPDXRef-RootPackage"
    },
    {
      "relationshipType": "DEPENDS_ON",
      "relatedSpdxElement": "SPDXRef-Package-B6EB77607AF75F718E21D28F4BA0EE84239C8DE9830FF9719907EE090332AADF",
      "spdxElementId": "SPDXRef-RootPackage"
    },
    {
      "relationshipType": "DEPENDS_ON",
      "relatedSpdxElement": "SPDXRef-Package-8425361196B240DBA621FD99DF72107E5EF7AD21887F5BF85084C6D81043C05D",
      "spdxElementId": "SPDXRef-RootPackage"
    },
    {
      "relationshipType": "DEPENDS_ON",
      "relatedSpdxElement": "SPDXRef-Package-490397CA5E7A67CC7226926418351663AEC1B56062EE0469D8461D7DBAD4A0FC",
      "spdxElementId": "SPDXRef-RootPackage"
    },
    {
      "relationshipType": "DEPENDS_ON",
      "relatedSpdxElement": "SPDXRef-Package-8BC3AC3EB64349AAF877392CAC4013F1DE0514391B577FC1130B68A54543CE1C",
      "spdxElementId": "SPDXRef-RootPackage"
    },
    {
      "relationshipType": "DEPENDS_ON",
      "relatedSpdxElement": "SPDXRef-Package-ECE93C9EE20F13DBEB21733C05EB3B862E623EB3E2898ABCDEF42D50D83E6815",
      "spdxElementId": "SPDXRef-RootPackage"
    },
    {
      "relationshipType": "DEPENDS_ON",
      "relatedSpdxElement": "SPDXRef-Package-BF26B2207107EFC0BA7C9457143425D48C35B9E4A5F642A1E9C13D0A672387B4",
      "spdxElementId": "SPDXRef-RootPackage"
    },
    {
      "relationshipType": "DEPENDS_ON",
      "relatedSpdxElement": "SPDXRef-Package-79635115AF84D923E985A49E76247A70F70FB8798FC292158F9B6D6B4E2A0336",
      "spdxElementId": "SPDXRef-RootPackage"
    },
    {
      "relationshipType": "DEPENDS_ON",
      "relatedSpdxElement": "SPDXRef-Package-931589BD44AB626716D546809406FE4D919C164FF884EA04D57BA10E2A8D64EC",
      "spdxElementId": "SPDXRef-RootPackage"
    },
    {
      "relationshipType": "DEPENDS_ON",
      "relatedSpdxElement": "SPDXRef-Package-8757039A8B547FF9C2EE2B141D443488CCF34AEE4C0D0668CA502A8050812221",
      "spdxElementId": "SPDXRef-RootPackage"
    },
    {
      "relationshipType": "DEPENDS_ON",
      "relatedSpdxElement": "SPDXRef-Package-836302A10D83B34AB15735A3BD20F9E5195E5C19F576DD54B2A803F042B4449F",
      "spdxElementId": "SPDXRef-RootPackage"
    },
    {
      "relationshipType": "DEPENDS_ON",
      "relatedSpdxElement": "SPDXRef-Package-FB8EF87A04ABBDDE238C1B9302C41D39A089FDC8A755C4F352B2784CD890726B",
      "spdxElementId": "SPDXRef-RootPackage"
    },
    {
      "relationshipType": "DEPENDS_ON",
      "relatedSpdxElement": "SPDXRef-Package-ED6E8FB997A6D78D08443EC95BD284BFE932248A440D142BCB8557A36DC4A5A2",
      "spdxElementId": "SPDXRef-RootPackage"
    },
    {
      "relationshipType": "DEPENDS_ON",
      "relatedSpdxElement": "SPDXRef-Package-C1475C5380732C85127A15B8BADF74D2619786E90578875B650082AE4497BC14",
      "spdxElementId": "SPDXRef-RootPackage"
    },
    {
      "relationshipType": "DEPENDS_ON",
      "relatedSpdxElement": "SPDXRef-Package-3036FA4AA4AA8E25839A015031B16C7C68F673BE21CD50A5A3E074465C383F13",
      "spdxElementId": "SPDXRef-RootPackage"
    },
    {
      "relationshipType": "DEPENDS_ON",
      "relatedSpdxElement": "SPDXRef-Package-D5F937CDC86CBC13B5803898689C63EA3744103C3CA6BA564224AFB751812E7E",
      "spdxElementId": "SPDXRef-RootPackage"
    },
    {
      "relationshipType": "DEPENDS_ON",
      "relatedSpdxElement": "SPDXRef-Package-6B6117AB3417AA50C1DF8B47DB834F43608FA2A493BD063B0DCD0310BE1691FC",
      "spdxElementId": "SPDXRef-RootPackage"
    },
    {
      "relationshipType": "DEPENDS_ON",
      "relatedSpdxElement": "SPDXRef-Package-5E8B61B595E583BBEF7ADCA095CBE2B5B173E786C455120EF6B9C37A13089A6E",
      "spdxElementId": "SPDXRef-RootPackage"
    },
    {
      "relationshipType": "DEPENDS_ON",
      "relatedSpdxElement": "SPDXRef-Package-0036185CFC5D903DD9210D1FA4BAF6EACE18C961FBCA96B55969F2D0ADD1006E",
      "spdxElementId": "SPDXRef-RootPackage"
    },
    {
      "relationshipType": "DEPENDS_ON",
      "relatedSpdxElement": "SPDXRef-Package-A51161C96823E35F18ECB01793B545733228CEB78738651BD5BF03B9683AE351",
      "spdxElementId": "SPDXRef-RootPackage"
    },
    {
      "relationshipType": "DEPENDS_ON",
      "relatedSpdxElement": "SPDXRef-Package-F8DE50729125DAC360E3A686403D3A2C3DC10909D104DA633FFA3EB999037C4F",
      "spdxElementId": "SPDXRef-RootPackage"
    },
    {
      "relationshipType": "DEPENDS_ON",
      "relatedSpdxElement": "SPDXRef-Package-55FBA99B1D65EDB6759C80CCBDCE0996BC6490650FA4CA8E6FA9DE29866D0DAC",
      "spdxElementId": "SPDXRef-RootPackage"
    },
    {
      "relationshipType": "DEPENDS_ON",
      "relatedSpdxElement": "SPDXRef-Package-7A132B5887E2748F11F31E4E55F7095F2134380DE1C42F92CADE24226E2C9DF8",
      "spdxElementId": "SPDXRef-RootPackage"
    },
    {
      "relationshipType": "DEPENDS_ON",
      "relatedSpdxElement": "SPDXRef-Package-4AEC43C47D6DFEEF0C68C67CD0D82CB712910D99C8D539F8E2CF18F97E4B8F59",
      "spdxElementId": "SPDXRef-RootPackage"
    },
    {
      "relationshipType": "DEPENDS_ON",
      "relatedSpdxElement": "SPDXRef-Package-F1A6940BF5D403F3E064202A7FC4F6D1AE1534716BF53B2F46B0DF5AA70197D2",
      "spdxElementId": "SPDXRef-RootPackage"
    },
    {
      "relationshipType": "DEPENDS_ON",
      "relatedSpdxElement": "SPDXRef-Package-BA5D8D1B5043A468B09DDBF48DCFC7DDD44949EE05A23A14F02AE8AA5183745C",
      "spdxElementId": "SPDXRef-RootPackage"
    },
    {
      "relationshipType": "DEPENDS_ON",
      "relatedSpdxElement": "SPDXRef-Package-B886264C88915A93892AFBE3D28CD5B3C8B7990F0C6A47AD506184440C46436E",
      "spdxElementId": "SPDXRef-RootPackage"
    },
    {
      "relationshipType": "DEPENDS_ON",
      "relatedSpdxElement": "SPDXRef-Package-B627A9A962CA4EC270A6BB33055B6D932D9140ED98F117C25A3ACCD02894A5DE",
      "spdxElementId": "SPDXRef-RootPackage"
    },
    {
      "relationshipType": "DEPENDS_ON",
      "relatedSpdxElement": "SPDXRef-Package-B3D5F30C6F4C897DA31933117BFB391A9177287CC31D26072129972E47E06996",
      "spdxElementId": "SPDXRef-RootPackage"
    },
    {
      "relationshipType": "DEPENDS_ON",
      "relatedSpdxElement": "SPDXRef-Package-5D96F0103707CBCFF84B28D306BD0C6F4464B149E2C79A6D1218CC1E093FFD25",
      "spdxElementId": "SPDXRef-RootPackage"
    },
    {
      "relationshipType": "DEPENDS_ON",
      "relatedSpdxElement": "SPDXRef-Package-D85926065BB4CE37A6FA6F50EAF742F233EE07208ECD20E72875B22A91F718D5",
      "spdxElementId": "SPDXRef-RootPackage"
    },
    {
      "relationshipType": "DEPENDS_ON",
      "relatedSpdxElement": "SPDXRef-Package-4995F8D031EF7590447F1F4B315A14815138D2B78CF9F7C8699A8AA5C02C70EB",
      "spdxElementId": "SPDXRef-RootPackage"
    },
    {
      "relationshipType": "DEPENDS_ON",
      "relatedSpdxElement": "SPDXRef-Package-45F18602780C4D414694A3E1A8C6A21F6860CAA639E4A56E1C0498902B5457CC",
      "spdxElementId": "SPDXRef-RootPackage"
    },
    {
      "relationshipType": "DEPENDS_ON",
      "relatedSpdxElement": "SPDXRef-Package-6379CCB25AF5E1D2D13BBCF25714BF668FEFAF783E34D1CF18559CCD8F256B56",
      "spdxElementId": "SPDXRef-RootPackage"
    },
    {
      "relationshipType": "DEPENDS_ON",
      "relatedSpdxElement": "SPDXRef-Package-22082FD72E8CF130874BE5C4C34DAF5C0760879E4935A27DAD871E64F0280929",
      "spdxElementId": "SPDXRef-RootPackage"
    },
    {
      "relationshipType": "DEPENDS_ON",
      "relatedSpdxElement": "SPDXRef-Package-B5E9DFA3EF880DFD63E464878A4D9F62FD34E8760F0877C125CEF609A459E577",
      "spdxElementId": "SPDXRef-RootPackage"
    },
    {
      "relationshipType": "DEPENDS_ON",
      "relatedSpdxElement": "SPDXRef-Package-69A986D6F543ED157CF60B09C3CDD7A4405DF633256C00FEFBC53DA1956B1EE5",
      "spdxElementId": "SPDXRef-RootPackage"
    },
    {
      "relationshipType": "DEPENDS_ON",
      "relatedSpdxElement": "SPDXRef-Package-681B78A232303686681BD818B0D190BE6C105857B1F5C087E2FC1952A264EA58",
      "spdxElementId": "SPDXRef-RootPackage"
    },
    {
      "relationshipType": "DEPENDS_ON",
      "relatedSpdxElement": "SPDXRef-Package-862E9A22FAE549CD97CBE81F8E67DB96A1FAFA78EA6B24BFD39C34B067014678",
      "spdxElementId": "SPDXRef-RootPackage"
    },
    {
      "relationshipType": "DEPENDS_ON",
      "relatedSpdxElement": "SPDXRef-Package-99B484564D51CC13C9CFEAEF3B587B994347C43EBCE51E4A30F1AD0AB53F6F1A",
      "spdxElementId": "SPDXRef-RootPackage"
    },
    {
      "relationshipType": "DEPENDS_ON",
      "relatedSpdxElement": "SPDXRef-Package-1B079B578C50036D5A0DC1B1E3E5A7F7B045B06EE48E5EE8C59B29861C0863FC",
      "spdxElementId": "SPDXRef-RootPackage"
    },
    {
      "relationshipType": "DEPENDS_ON",
      "relatedSpdxElement": "SPDXRef-Package-1F6868692BA92B8833FB7BDD49335660B27070F01FE640B02ABF3CF85E9E917F",
      "spdxElementId": "SPDXRef-RootPackage"
    },
    {
      "relationshipType": "DEPENDS_ON",
      "relatedSpdxElement": "SPDXRef-Package-D104A2A6563DC14DADA50A43307C03A5E7249D23141336EB3B6D9B635DFEB482",
      "spdxElementId": "SPDXRef-RootPackage"
    }
  ],
  "spdxVersion": "SPDX-2.2",
  "dataLicense": "CC0-1.0",
  "SPDXID": "SPDXRef-DOCUMENT",
  "name": "Threats Manager Platform 2.2.1",
  "documentNamespace": "https://github.com/simonec73/threatsmanager/Threats%20Manager%20Platform/2.2.1/__PBXz8xYEOx004o00Etqg",
  "creationInfo": {
    "created": "2024-05-05T10:40:34Z",
    "creators": [
      "Organization: Simone Curzi",
      "Tool: Microsoft.SBOMTool-2.2.4"
    ]
  },
  "documentDescribes": [
    "SPDXRef-RootPackage"
  ]
}