{
  "files": [],
  "packages": [
    {
      "name": "System.Text.Encoding",
      "SPDXID": "SPDXRef-Package-D3CFD0E43003E618EEF37E2815DE44CF2107C79C821D7D2D622B5A820EE116B2",
      "downloadLocation": "NOASSERTION",
      "filesAnalyzed": false,
      "licenseConcluded": "NOASSERTION",
      "licenseDeclared": "NOASSERTION",
      "copyrightText": "NOASSERTION",
      "versionInfo": "4.3.0",
      "externalRefs": [
        {
          "referenceCategory": "PACKAGE-MANAGER",
          "referenceType": "purl",
          "referenceLocator": "pkg:nuget/System.Text.Encoding@4.3.0"
        }
      ],
      "supplier": "Organization: Microsoft"
    },
    {
      "name": "ThreatsManager.Utilities.WinForms",
      "SPDXID": "SPDXRef-Package-457403F18F0C1BEC24D03DE138B4F28B74BA8E167CBD5609421FD5D3E014D989",
      "downloadLocation": "NOASSERTION",
      "filesAnalyzed": false,
      "licenseConcluded": "NOASSERTION",
      "licenseDeclared": "NOASSERTION",
      "copyrightText": "NOASSERTION",
      "versionInfo": "2.2.2",
      "externalRefs": [
        {
          "referenceCategory": "PACKAGE-MANAGER",
          "referenceType": "purl",
          "referenceLocator": "pkg:nuget/ThreatsManager.Utilities.WinForms@2.2.2"
        }
      ],
      "supplier": "Organization: Simone Curzi"
    },
    {
      "name": "ThreatsManager.Utilities.WinForms",
      "SPDXID": "SPDXRef-Package-ADE80B983367EB130FEFD3C6AC15B67E1C43D125ADE5A3D9684C32350677D5A8",
      "downloadLocation": "NOASSERTION",
      "filesAnalyzed": false,
      "licenseConcluded": "NOASSERTION",
      "licenseDeclared": "NOASSERTION",
      "copyrightText": "NOASSERTION",
      "versionInfo": "2.2.1",
      "externalRefs": [
        {
          "referenceCategory": "PACKAGE-MANAGER",
          "referenceType": "purl",
          "referenceLocator": "pkg:nuget/ThreatsManager.Utilities.WinForms@2.2.1"
        }
      ],
      "supplier": "Organization: Simone Curzi"
    },
    {
      "name": "System.Buffers",
      "SPDXID": "SPDXRef-Package-CB3E43ED2FAAF926BACC8A3E5A5219246BD37049F5C72FD776C3144C1DBAB0A3",
      "downloadLocation": "NOASSERTION",
      "filesAnalyzed": false,
      "licenseConcluded": "NOASSERTION",
      "licenseDeclared": "NOASSERTION",
      "copyrightText": "NOASSERTION",
      "versionInfo": "4.5.1",
      "externalRefs": [
        {
          "referenceCategory": "PACKAGE-MANAGER",
          "referenceType": "purl",
          "referenceLocator": "pkg:nuget/System.Buffers@4.5.1"
        }
      ],
      "supplier": "Organization: Microsoft"
    },
    {
      "name": "PostSharp.Patterns.Model",
      "SPDXID": "SPDXRef-Package-ECE93C9EE20F13DBEB21733C05EB3B862E623EB3E2898ABCDEF42D50D83E6815",
      "downloadLocation": "NOASSERTION",
      "filesAnalyzed": false,
      "licenseConcluded": "NOASSERTION",
      "licenseDeclared": "NOASSERTION",
      "copyrightText": "NOASSERTION",
      "versionInfo": "2024.0.8",
      "externalRefs": [
        {
          "referenceCategory": "PACKAGE-MANAGER",
          "referenceType": "purl",
          "referenceLocator": "pkg:nuget/PostSharp.Patterns.Model@2024.0.8"
        }
      ],
      "supplier": "Organization: PostSharp Technologies"
    },
    {
      "name": "System.Reflection.Metadata",
      "SPDXID": "SPDXRef-Package-B148AA063E46A4E9B2BB1813AFD7C85D2F5FCC7BF08A49EA3814C921E3D1F1DB",
      "downloadLocation": "NOASSERTION",
      "filesAnalyzed": false,
      "licenseConcluded": "NOASSERTION",
      "licenseDeclared": "NOASSERTION",
      "copyrightText": "NOASSERTION",
      "versionInfo": "6.0.1",
      "externalRefs": [
        {
          "referenceCategory": "PACKAGE-MANAGER",
          "referenceType": "purl",
          "referenceLocator": "pkg:nuget/System.Reflection.Metadata@6.0.1"
        }
      ],
      "supplier": "Organization: Microsoft"
    },
    {
      "name": "PostSharp.Patterns.Threading.Redist",
      "SPDXID": "SPDXRef-Package-D5F937CDC86CBC13B5803898689C63EA3744103C3CA6BA564224AFB751812E7E",
      "downloadLocation": "NOASSERTION",
      "filesAnalyzed": false,
      "licenseConcluded": "NOASSERTION",
      "licenseDeclared": "NOASSERTION",
      "copyrightText": "NOASSERTION",
      "versionInfo": "2024.0.8",
      "externalRefs": [
        {
          "referenceCategory": "PACKAGE-MANAGER",
          "referenceType": "purl",
          "referenceLocator": "pkg:nuget/PostSharp.Patterns.Threading.Redist@2024.0.8"
        }
      ],
      "supplier": "Organization: PostSharp Technologies"
    },
    {
      "name": "ThreatsManager.Utilities",
      "SPDXID": "SPDXRef-Package-169F9EE1DEC2D075411845BE4CF65C37F3CF0AE3692152794155497A1F3D31F5",
      "downloadLocation": "NOASSERTION",
      "filesAnalyzed": false,
      "licenseConcluded": "NOASSERTION",
      "licenseDeclared": "NOASSERTION",
      "copyrightText": "NOASSERTION",
      "versionInfo": "2.2.2",
      "externalRefs": [
        {
          "referenceCategory": "PACKAGE-MANAGER",
          "referenceType": "purl",
          "referenceLocator": "pkg:nuget/ThreatsManager.Utilities@2.2.2"
        }
      ],
      "supplier": "Organization: Simone Curzi"
    },
    {
      "name": "Syncfusion.DocIO.WinForms",
      "SPDXID": "SPDXRef-Package-2140496D1360B4E0B48E5CB2668664F6A09B073863551CAD72BC2B37C77DC2E9",
      "downloadLocation": "NOASSERTION",
      "filesAnalyzed": false,
      "licenseConcluded": "NOASSERTION",
      "licenseDeclared": "NOASSERTION",
      "copyrightText": "NOASSERTION",
      "versionInfo": "25.1.38",
      "externalRefs": [
        {
          "referenceCategory": "PACKAGE-MANAGER",
          "referenceType": "purl",
          "referenceLocator": "pkg:nuget/Syncfusion.DocIO.WinForms@25.1.38"
        }
      ],
      "supplier": "Organization: Syncfusion Inc."
    },
    {
      "name": "ExCSS",
      "SPDXID": "SPDXRef-Package-8B0B900CDB7DCDE16012CBE70CDA371B8CF176A70C00B76F0214B623E33180C2",
      "downloadLocation": "NOASSERTION",
      "filesAnalyzed": false,
      "licenseConcluded": "NOASSERTION",
      "licenseDeclared": "NOASSERTION",
      "copyrightText": "NOASSERTION",
      "versionInfo": "4.2.5",
      "externalRefs": [
        {
          "referenceCategory": "PACKAGE-MANAGER",
          "referenceType": "purl",
          "referenceLocator": "pkg:nuget/ExCSS@4.2.5"
        }
      ],
      "supplier": "Organization: Tyler Brinks"
    },
    {
      "name": "ThreatsManager.AutoThreatGeneration",
      "SPDXID": "SPDXRef-Package-529C8350A1DBE79912378AFBA9CE26CCCE48FA566B3D4D663E1FC866EBFDC015",
      "downloadLocation": "NOASSERTION",
      "filesAnalyzed": false,
      "licenseConcluded": "NOASSERTION",
      "licenseDeclared": "NOASSERTION",
      "copyrightText": "NOASSERTION",
      "versionInfo": "2.2.2",
      "externalRefs": [
        {
          "referenceCategory": "PACKAGE-MANAGER",
          "referenceType": "purl",
          "referenceLocator": "pkg:nuget/ThreatsManager.AutoThreatGeneration@2.2.2"
        }
      ],
      "supplier": "Organization: Simone Curzi"
    },
    {
      "name": "Fizzler",
      "SPDXID": "SPDXRef-Package-011A92F0C0FFC13D787AF53D02C1BE04B1631D572F86E56F1A5462204FB6FED9",
      "downloadLocation": "NOASSERTION",
      "filesAnalyzed": false,
      "licenseConcluded": "NOASSERTION",
      "licenseDeclared": "NOASSERTION",
      "copyrightText": "NOASSERTION",
      "versionInfo": "1.3.0",
      "externalRefs": [
        {
          "referenceCategory": "PACKAGE-MANAGER",
          "referenceType": "purl",
          "referenceLocator": "pkg:nuget/Fizzler@1.3.0"
        }
      ],
      "supplier": "Organization: Atif Aziz"
    },
    {
      "name": "PostSharp.Redist",
      "SPDXID": "SPDXRef-Package-F8DE50729125DAC360E3A686403D3A2C3DC10909D104DA633FFA3EB999037C4F",
      "downloadLocation": "NOASSERTION",
      "filesAnalyzed": false,
      "licenseConcluded": "NOASSERTION",
      "licenseDeclared": "NOASSERTION",
      "copyrightText": "NOASSERTION",
      "versionInfo": "2024.0.8",
      "externalRefs": [
        {
          "referenceCategory": "PACKAGE-MANAGER",
          "referenceType": "purl",
          "referenceLocator": "pkg:nuget/PostSharp.Redist@2024.0.8"
        }
      ],
      "supplier": "Organization: PostSharp Technologies"
    },
    {
      "name": "PostSharp.Patterns.Diagnostics.NLog",
      "SPDXID": "SPDXRef-Package-E87CDF2B65C4DCCEC4BE3274F03597D4241BB602A716E64395F6DFC2A03019B9",
      "downloadLocation": "NOASSERTION",
      "filesAnalyzed": false,
      "licenseConcluded": "NOASSERTION",
      "licenseDeclared": "NOASSERTION",
      "copyrightText": "NOASSERTION",
      "versionInfo": "2024.0.8",
      "externalRefs": [
        {
          "referenceCategory": "PACKAGE-MANAGER",
          "referenceType": "purl",
          "referenceLocator": "pkg:nuget/PostSharp.Patterns.Diagnostics.NLog@2024.0.8"
        }
      ],
      "supplier": "Organization: PostSharp Technologies"
    },
    {
      "name": "System.Numerics.Vectors",
      "SPDXID": "SPDXRef-Package-9913FC77FF1C1171C738782E410BE9C92E9F6C7F5FD54F4D911DC70DDA615920",
      "downloadLocation": "NOASSERTION",
      "filesAnalyzed": false,
      "licenseConcluded": "NOASSERTION",
      "licenseDeclared": "NOASSERTION",
      "copyrightText": "NOASSERTION",
      "versionInfo": "4.5.0",
      "externalRefs": [
        {
          "referenceCategory": "PACKAGE-MANAGER",
          "referenceType": "purl",
          "referenceLocator": "pkg:nuget/System.Numerics.Vectors@4.5.0"
        }
      ],
      "supplier": "Organization: Microsoft"
    },
    {
      "name": "PostSharp.Patterns.Model.Redist",
      "SPDXID": "SPDXRef-Package-99B484564D51CC13C9CFEAEF3B587B994347C43EBCE51E4A30F1AD0AB53F6F1A",
      "downloadLocation": "NOASSERTION",
      "filesAnalyzed": false,
      "licenseConcluded": "NOASSERTION",
      "licenseDeclared": "NOASSERTION",
      "copyrightText": "NOASSERTION",
      "versionInfo": "2024.0.8",
      "externalRefs": [
        {
          "referenceCategory": "PACKAGE-MANAGER",
          "referenceType": "purl",
          "referenceLocator": "pkg:nuget/PostSharp.Patterns.Model.Redist@2024.0.8"
        }
      ],
      "supplier": "Organization: PostSharp Technologies"
    },
    {
      "name": "Exceptionless.Windows",
      "SPDXID": "SPDXRef-Package-1E0B0AE3CFFBEA496FD0B8B7C8A2A5A397882AA208213D3BBEA22EB585150933",
      "downloadLocation": "NOASSERTION",
      "filesAnalyzed": false,
      "licenseConcluded": "NOASSERTION",
      "licenseDeclared": "NOASSERTION",
      "copyrightText": "NOASSERTION",
      "versionInfo": "6.0.4",
      "externalRefs": [
        {
          "referenceCategory": "PACKAGE-MANAGER",
          "referenceType": "purl",
          "referenceLocator": "pkg:nuget/Exceptionless.Windows@6.0.4"
        }
      ],
      "supplier": "Organization: Exceptionless"
    },
    {
      "name": "Svg",
      "SPDXID": "SPDXRef-Package-0C07347FC7DDD8A2BE37469AC279EDA5B2D74C559C6D4FBFDDC63D324A1F6CED",
      "downloadLocation": "NOASSERTION",
      "filesAnalyzed": false,
      "licenseConcluded": "NOASSERTION",
      "licenseDeclared": "NOASSERTION",
      "copyrightText": "NOASSERTION",
      "versionInfo": "3.4.7",
      "externalRefs": [
        {
          "referenceCategory": "PACKAGE-MANAGER",
          "referenceType": "purl",
          "referenceLocator": "pkg:nuget/Svg@3.4.7"
        }
      ],
      "supplier": "Organization: davescriven"
    },
    {
      "name": "ThreatsManager.Engine",
      "SPDXID": "SPDXRef-Package-9DCEBE7EC11BE600C98BC24C1A622D5C3EC4C87D508F4F939A691944AC1C98E1",
      "downloadLocation": "NOASSERTION",
      "filesAnalyzed": false,
      "licenseConcluded": "NOASSERTION",
      "licenseDeclared": "NOASSERTION",
      "copyrightText": "NOASSERTION",
      "versionInfo": "2.2.1",
      "externalRefs": [
        {
          "referenceCategory": "PACKAGE-MANAGER",
          "referenceType": "purl",
          "referenceLocator": "pkg:nuget/ThreatsManager.Engine@2.2.1"
        }
      ],
      "supplier": "Organization: Simone Curzi"
    },
    {
      "name": "ThreatsManager.Interfaces",
      "SPDXID": "SPDXRef-Package-4C1780151F9048A22864D89014C120A62C4FAD49051E940E9FE58A9F4C930AD6",
      "downloadLocation": "NOASSERTION",
      "filesAnalyzed": false,
      "licenseConcluded": "NOASSERTION",
      "licenseDeclared": "NOASSERTION",
      "copyrightText": "NOASSERTION",
      "versionInfo": "2.2.2",
      "externalRefs": [
        {
          "referenceCategory": "PACKAGE-MANAGER",
          "referenceType": "purl",
          "referenceLocator": "pkg:nuget/ThreatsManager.Interfaces@2.2.2"
        }
      ],
      "supplier": "Organization: Simone Curzi"
    },
    {
      "name": "PostSharp",
      "SPDXID": "SPDXRef-Package-9C7AF195953BBB624A1BAE1A0F2CD6F537273D96A4709694767D026DBB7529EF",
      "downloadLocation": "NOASSERTION",
      "filesAnalyzed": false,
      "licenseConcluded": "NOASSERTION",
      "licenseDeclared": "NOASSERTION",
      "copyrightText": "NOASSERTION",
      "versionInfo": "6.1.14",
      "externalRefs": [
        {
          "referenceCategory": "PACKAGE-MANAGER",
          "referenceType": "purl",
          "referenceLocator": "pkg:nuget/PostSharp@6.1.14"
        }
      ],
      "supplier": "NOASSERTION"
    },
    {
      "name": "ThreatsManager.Interfaces",
      "SPDXID": "SPDXRef-Package-DE4B728EF50FA467E52ACA42912539958E10A69DA7AD53DA2C4D72371A0A94E7",
      "downloadLocation": "NOASSERTION",
      "filesAnalyzed": false,
      "licenseConcluded": "NOASSERTION",
      "licenseDeclared": "NOASSERTION",
      "copyrightText": "NOASSERTION",
      "versionInfo": "2.2.1",
      "externalRefs": [
        {
          "referenceCategory": "PACKAGE-MANAGER",
          "referenceType": "purl",
          "referenceLocator": "pkg:nuget/ThreatsManager.Interfaces@2.2.1"
        }
      ],
      "supplier": "Organization: Simone Curzi"
    },
    {
      "name": "ThreatsManager.AutoGenRules",
      "SPDXID": "SPDXRef-Package-E905B327B7EE357D0382DB00785D955A194E4A9D8B57C48AC508F4810CA3DF76",
      "downloadLocation": "NOASSERTION",
      "filesAnalyzed": false,
      "licenseConcluded": "NOASSERTION",
      "licenseDeclared": "NOASSERTION",
      "copyrightText": "NOASSERTION",
      "versionInfo": "2.2.2",
      "externalRefs": [
        {
          "referenceCategory": "PACKAGE-MANAGER",
          "referenceType": "purl",
          "referenceLocator": "pkg:nuget/ThreatsManager.AutoGenRules@2.2.2"
        }
      ],
      "supplier": "Organization: Simone Curzi"
    },
    {
      "name": "PostSharp.Patterns.Common",
      "SPDXID": "SPDXRef-Package-792D17F839CCD646A9653A858ACE4D29B384050560879E6FC2C26C4237495BEE",
      "downloadLocation": "NOASSERTION",
      "filesAnalyzed": false,
      "licenseConcluded": "NOASSERTION",
      "licenseDeclared": "NOASSERTION",
      "copyrightText": "NOASSERTION",
      "versionInfo": "2023.0.7",
      "externalRefs": [
        {
          "referenceCategory": "PACKAGE-MANAGER",
          "referenceType": "purl",
          "referenceLocator": "pkg:nuget/PostSharp.Patterns.Common@2023.0.7"
        }
      ],
      "supplier": "NOASSERTION"
    },
    {
      "name": "ThreatsManager.AutoGenRules",
      "SPDXID": "SPDXRef-Package-B6A574EEEBDF45B3C2164B24D87167782F3684107E8B9A71FCD151910FCC2354",
      "downloadLocation": "NOASSERTION",
      "filesAnalyzed": false,
      "licenseConcluded": "NOASSERTION",
      "licenseDeclared": "NOASSERTION",
      "copyrightText": "NOASSERTION",
      "versionInfo": "2.2.1",
      "externalRefs": [
        {
          "referenceCategory": "PACKAGE-MANAGER",
          "referenceType": "purl",
          "referenceLocator": "pkg:nuget/ThreatsManager.AutoGenRules@2.2.1"
        }
      ],
      "supplier": "Organization: Simone Curzi"
    },
    {
      "name": "System.ValueTuple",
      "SPDXID": "SPDXRef-Package-C1475C5380732C85127A15B8BADF74D2619786E90578875B650082AE4497BC14",
      "downloadLocation": "NOASSERTION",
      "filesAnalyzed": false,
      "licenseConcluded": "NOASSERTION",
      "licenseDeclared": "NOASSERTION",
      "copyrightText": "NOASSERTION",
      "versionInfo": "4.5.0",
      "externalRefs": [
        {
          "referenceCategory": "PACKAGE-MANAGER",
          "referenceType": "purl",
          "referenceLocator": "pkg:nuget/System.ValueTuple@4.5.0"
        }
      ],
      "supplier": "Organization: Microsoft"
    },
    {
      "name": "Syncfusion.Licensing",
      "SPDXID": "SPDXRef-Package-B63AF59EDFF99A1790A42A469167748E8EB2FA1E4345B8998DE5BA4B3EF253FA",
      "downloadLocation": "NOASSERTION",
      "filesAnalyzed": false,
      "licenseConcluded": "NOASSERTION",
      "licenseDeclared": "NOASSERTION",
      "copyrightText": "NOASSERTION",
      "versionInfo": "25.1.38",
      "externalRefs": [
        {
          "referenceCategory": "PACKAGE-MANAGER",
          "referenceType": "purl",
          "referenceLocator": "pkg:nuget/Syncfusion.Licensing@25.1.38"
        }
      ],
      "supplier": "Organization: Syncfusion Inc."
    },
    {
      "name": "System.Security.Cryptography.ProtectedData",
      "SPDXID": "SPDXRef-Package-01FBE39297615D5615DCAF2AB4E213D489A90F4CC6E7CAA4E1F22CC76BA02C6A",
      "downloadLocation": "NOASSERTION",
      "filesAnalyzed": false,
      "licenseConcluded": "NOASSERTION",
      "licenseDeclared": "NOASSERTION",
      "copyrightText": "NOASSERTION",
      "versionInfo": "8.0.0",
      "externalRefs": [
        {
          "referenceCategory": "PACKAGE-MANAGER",
          "referenceType": "purl",
          "referenceLocator": "pkg:nuget/System.Security.Cryptography.ProtectedData@8.0.0"
        }
      ],
      "supplier": "Organization: Microsoft"
    },
    {
      "name": "PostSharp.Patterns.Common.Redist",
      "SPDXID": "SPDXRef-Package-08605B7F258B430D2A2933A6113B03955BD20C9E7B7C401B090019C0553498E9",
      "downloadLocation": "NOASSERTION",
      "filesAnalyzed": false,
      "licenseConcluded": "NOASSERTION",
      "licenseDeclared": "NOASSERTION",
      "copyrightText": "NOASSERTION",
      "versionInfo": "6.1.14",
      "externalRefs": [
        {
          "referenceCategory": "PACKAGE-MANAGER",
          "referenceType": "purl",
          "referenceLocator": "pkg:nuget/PostSharp.Patterns.Common.Redist@6.1.14"
        }
      ],
      "supplier": "NOASSERTION"
    },
    {
      "name": "Exceptionless.Signed",
      "SPDXID": "SPDXRef-Package-169435F5DFBFB10FDC151B049172DB9E515D7DB16290F0CD668FE29DE3C7C397",
      "downloadLocation": "NOASSERTION",
      "filesAnalyzed": false,
      "licenseConcluded": "NOASSERTION",
      "licenseDeclared": "NOASSERTION",
      "copyrightText": "NOASSERTION",
      "versionInfo": "4.3.2027",
      "externalRefs": [
        {
          "referenceCategory": "PACKAGE-MANAGER",
          "referenceType": "purl",
          "referenceLocator": "pkg:nuget/Exceptionless.Signed@4.3.2027"
        }
      ],
      "supplier": "NOASSERTION"
    },
    {
      "name": "ThreatsManager.Interfaces",
      "SPDXID": "SPDXRef-Package-7CFE3A11FFACF3BA9E1C343F97C1D968A08170757F3935AD20F0801F704C325F",
      "downloadLocation": "NOASSERTION",
      "filesAnalyzed": false,
      "licenseConcluded": "NOASSERTION",
      "licenseDeclared": "NOASSERTION",
      "copyrightText": "NOASSERTION",
      "versionInfo": "1.3.0",
      "externalRefs": [
        {
          "referenceCategory": "PACKAGE-MANAGER",
          "referenceType": "purl",
          "referenceLocator": "pkg:nuget/ThreatsManager.Interfaces@1.3.0"
        }
      ],
      "supplier": "NOASSERTION"
    },
    {
      "name": "ThreatsManager.Extensions.Client",
      "SPDXID": "SPDXRef-Package-EA74F2C03EAD5BBB032B91ECD40C8A0DFF08F2DB473C6F8F77DF9D3DAC79B7D2",
      "downloadLocation": "NOASSERTION",
      "filesAnalyzed": false,
      "licenseConcluded": "NOASSERTION",
      "licenseDeclared": "NOASSERTION",
      "copyrightText": "NOASSERTION",
      "versionInfo": "2.2.0",
      "externalRefs": [
        {
          "referenceCategory": "PACKAGE-MANAGER",
          "referenceType": "purl",
          "referenceLocator": "pkg:nuget/ThreatsManager.Extensions.Client@2.2.0"
        }
      ],
      "supplier": "Organization: Simone Curzi"
    },
    {
      "name": "PostSharp.Redist",
      "SPDXID": "SPDXRef-Package-E1818B904DCFD256CDC834D6F965DB7FB28C0C0BF19D1575FA7CD157D58065FD",
      "downloadLocation": "NOASSERTION",
      "filesAnalyzed": false,
      "licenseConcluded": "NOASSERTION",
      "licenseDeclared": "NOASSERTION",
      "copyrightText": "NOASSERTION",
      "versionInfo": "6.1.14",
      "externalRefs": [
        {
          "referenceCategory": "PACKAGE-MANAGER",
          "referenceType": "purl",
          "referenceLocator": "pkg:nuget/PostSharp.Redist@6.1.14"
        }
      ],
      "supplier": "NOASSERTION"
    },
    {
      "name": "PostSharp.Patterns.Threading.Redist",
      "SPDXID": "SPDXRef-Package-615D5DD5CE64E7077BE2D7E749F734D41FB2FB3E3A50FEAD0330EE08F5A0EA0B",
      "downloadLocation": "NOASSERTION",
      "filesAnalyzed": false,
      "licenseConcluded": "NOASSERTION",
      "licenseDeclared": "NOASSERTION",
      "copyrightText": "NOASSERTION",
      "versionInfo": "6.6.7",
      "externalRefs": [
        {
          "referenceCategory": "PACKAGE-MANAGER",
          "referenceType": "purl",
          "referenceLocator": "pkg:nuget/PostSharp.Patterns.Threading.Redist@6.6.7"
        }
      ],
      "supplier": "NOASSERTION"
    },
    {
      "name": "PostSharp.Patterns.Common",
      "SPDXID": "SPDXRef-Package-A8234BA787BE869B7FBF2B3F0F8528E0E1312B040E601899826B3C711D44F774",
      "downloadLocation": "NOASSERTION",
      "filesAnalyzed": false,
      "licenseConcluded": "NOASSERTION",
      "licenseDeclared": "NOASSERTION",
      "copyrightText": "NOASSERTION",
      "versionInfo": "6.6.7",
      "externalRefs": [
        {
          "referenceCategory": "PACKAGE-MANAGER",
          "referenceType": "purl",
          "referenceLocator": "pkg:nuget/PostSharp.Patterns.Common@6.6.7"
        }
      ],
      "supplier": "NOASSERTION"
    },
    {
      "name": "Newtonsoft.Json",
      "SPDXID": "SPDXRef-Package-B886264C88915A93892AFBE3D28CD5B3C8B7990F0C6A47AD506184440C46436E",
      "downloadLocation": "NOASSERTION",
      "filesAnalyzed": false,
      "licenseConcluded": "NOASSERTION",
      "licenseDeclared": "NOASSERTION",
      "copyrightText": "NOASSERTION",
      "versionInfo": "13.0.3",
      "externalRefs": [
        {
          "referenceCategory": "PACKAGE-MANAGER",
          "referenceType": "purl",
          "referenceLocator": "pkg:nuget/Newtonsoft.Json@13.0.3"
        }
      ],
      "supplier": "NOASSERTION"
    },
    {
      "name": "Newtonsoft.Json",
      "SPDXID": "SPDXRef-Package-F5DA18A66B263B88B606E60E314C50C568933A4004E18FBBB8920C97E9153939",
      "downloadLocation": "NOASSERTION",
      "filesAnalyzed": false,
      "licenseConcluded": "NOASSERTION",
      "licenseDeclared": "NOASSERTION",
      "copyrightText": "NOASSERTION",
      "versionInfo": "12.0.2",
      "externalRefs": [
        {
          "referenceCategory": "PACKAGE-MANAGER",
          "referenceType": "purl",
          "referenceLocator": "pkg:nuget/Newtonsoft.Json@12.0.2"
        }
      ],
      "supplier": "NOASSERTION"
    },
    {
      "name": "Syncfusion.Compression.Base",
      "SPDXID": "SPDXRef-Package-E8FDE4D2AEC6FB23733088EA7FF01D3D4954FF055E67EB4FF6947CBFD8158937",
      "downloadLocation": "NOASSERTION",
      "filesAnalyzed": false,
      "licenseConcluded": "NOASSERTION",
      "licenseDeclared": "NOASSERTION",
      "copyrightText": "NOASSERTION",
      "versionInfo": "25.1.38",
      "externalRefs": [
        {
          "referenceCategory": "PACKAGE-MANAGER",
          "referenceType": "purl",
          "referenceLocator": "pkg:nuget/Syncfusion.Compression.Base@25.1.38"
        }
      ],
      "supplier": "Organization: Syncfusion Inc."
    },
    {
      "name": "System.Runtime.CompilerServices.Unsafe",
      "SPDXID": "SPDXRef-Package-C924E25709BAC7772763FD535719B02BFD9AE676EB73B3DA4C7058E9A501DC30",
      "downloadLocation": "NOASSERTION",
      "filesAnalyzed": false,
      "licenseConcluded": "NOASSERTION",
      "licenseDeclared": "NOASSERTION",
      "copyrightText": "NOASSERTION",
      "versionInfo": "4.5.3",
      "externalRefs": [
        {
          "referenceCategory": "PACKAGE-MANAGER",
          "referenceType": "purl",
          "referenceLocator": "pkg:nuget/System.Runtime.CompilerServices.Unsafe@4.5.3"
        }
      ],
      "supplier": "NOASSERTION"
    },
    {
      "name": "System.Drawing.Common",
      "SPDXID": "SPDXRef-Package-D104A2A6563DC14DADA50A43307C03A5E7249D23141336EB3B6D9B635DFEB482",
      "downloadLocation": "NOASSERTION",
      "filesAnalyzed": false,
      "licenseConcluded": "NOASSERTION",
      "licenseDeclared": "NOASSERTION",
      "copyrightText": "NOASSERTION",
      "versionInfo": "8.0.4",
      "externalRefs": [
        {
          "referenceCategory": "PACKAGE-MANAGER",
          "referenceType": "purl",
          "referenceLocator": "pkg:nuget/System.Drawing.Common@8.0.4"
        }
      ],
      "supplier": "Organization: Microsoft"
    },
    {
      "name": "PostSharp",
      "SPDXID": "SPDXRef-Package-8757039A8B547FF9C2EE2B141D443488CCF34AEE4C0D0668CA502A8050812221",
      "downloadLocation": "NOASSERTION",
      "filesAnalyzed": false,
      "licenseConcluded": "NOASSERTION",
      "licenseDeclared": "NOASSERTION",
      "copyrightText": "NOASSERTION",
      "versionInfo": "2024.0.8",
      "externalRefs": [
        {
          "referenceCategory": "PACKAGE-MANAGER",
          "referenceType": "purl",
          "referenceLocator": "pkg:nuget/PostSharp@2024.0.8"
        }
      ],
      "supplier": "Organization: PostSharp Technologies"
    },
    {
      "name": "System.Collections.Immutable",
      "SPDXID": "SPDXRef-Package-34A91FA65C12E0255D811F84F4AF2990FA0092C8BE1060C210F38CEFABD7BAEE",
      "downloadLocation": "NOASSERTION",
      "filesAnalyzed": false,
      "licenseConcluded": "NOASSERTION",
      "licenseDeclared": "NOASSERTION",
      "copyrightText": "NOASSERTION",
      "versionInfo": "6.0.0",
      "externalRefs": [
        {
          "referenceCategory": "PACKAGE-MANAGER",
          "referenceType": "purl",
          "referenceLocator": "pkg:nuget/System.Collections.Immutable@6.0.0"
        }
      ],
      "supplier": "Organization: Microsoft"
    },
    {
      "name": "Microsoft.WindowsAPICodePack.Shell",
      "SPDXID": "SPDXRef-Package-7AE50D07E77347B9CF62F60A2BA5199800512E571543D66B98F7DBA804120813",
      "downloadLocation": "NOASSERTION",
      "filesAnalyzed": false,
      "licenseConcluded": "NOASSERTION",
      "licenseDeclared": "NOASSERTION",
      "copyrightText": "NOASSERTION",
      "versionInfo": "1.1.0",
      "externalRefs": [
        {
          "referenceCategory": "PACKAGE-MANAGER",
          "referenceType": "purl",
          "referenceLocator": "pkg:nuget/Microsoft.WindowsAPICodePack.Shell@1.1.0"
        }
      ],
      "supplier": "Organization: Licshee"
    },
    {
      "name": "Exceptionless.Windows.Signed",
      "SPDXID": "SPDXRef-Package-6325A3E02309FFD4762396D3705E9C0E776DF2552CBD2BD67E9CAB83BE4E6B99",
      "downloadLocation": "NOASSERTION",
      "filesAnalyzed": false,
      "licenseConcluded": "NOASSERTION",
      "licenseDeclared": "NOASSERTION",
      "copyrightText": "NOASSERTION",
      "versionInfo": "4.3.2027",
      "externalRefs": [
        {
          "referenceCategory": "PACKAGE-MANAGER",
          "referenceType": "purl",
          "referenceLocator": "pkg:nuget/Exceptionless.Windows.Signed@4.3.2027"
        }
      ],
      "supplier": "NOASSERTION"
    },
    {
      "name": "PostSharp",
      "SPDXID": "SPDXRef-Package-61752E6897B4D9AFFC3DF76CF04A2AC52B3BFF29E1B060FE4AE54E1ED8D6DD9F",
      "downloadLocation": "NOASSERTION",
      "filesAnalyzed": false,
      "licenseConcluded": "NOASSERTION",
      "licenseDeclared": "NOASSERTION",
      "copyrightText": "NOASSERTION",
      "versionInfo": "2023.0.7",
      "externalRefs": [
        {
          "referenceCategory": "PACKAGE-MANAGER",
          "referenceType": "purl",
          "referenceLocator": "pkg:nuget/PostSharp@2023.0.7"
        }
      ],
      "supplier": "NOASSERTION"
    },
    {
      "name": "PostSharp.Patterns.Model.Redist",
      "SPDXID": "SPDXRef-Package-BB7BDFAE43D3358471B27E86D83DF60DB946C04917941D64E6FA9455692FC803",
      "downloadLocation": "NOASSERTION",
      "filesAnalyzed": false,
      "licenseConcluded": "NOASSERTION",
      "licenseDeclared": "NOASSERTION",
      "copyrightText": "NOASSERTION",
      "versionInfo": "6.6.7",
      "externalRefs": [
        {
          "referenceCategory": "PACKAGE-MANAGER",
          "referenceType": "purl",
          "referenceLocator": "pkg:nuget/PostSharp.Patterns.Model.Redist@6.6.7"
        }
      ],
      "supplier": "NOASSERTION"
    },
    {
      "name": "Microsoft.Web.WebView2",
      "SPDXID": "SPDXRef-Package-B070B49977BEC8B2FB690DB739C920BB67A07AE2308C90B640EC1AA2FADCE0F3",
      "downloadLocation": "NOASSERTION",
      "filesAnalyzed": false,
      "licenseConcluded": "NOASSERTION",
      "licenseDeclared": "NOASSERTION",
      "copyrightText": "NOASSERTION",
      "versionInfo": "1.0.2420.47",
      "externalRefs": [
        {
          "referenceCategory": "PACKAGE-MANAGER",
          "referenceType": "purl",
          "referenceLocator": "pkg:nuget/Microsoft.Web.WebView2@1.0.2420.47"
        }
      ],
      "supplier": "NOASSERTION"
    },
    {
      "name": "ThreatsManager.Engine",
      "SPDXID": "SPDXRef-Package-23EC7C18812053221ED418B65A1092F2DCAD01695CDF31D447E97B71D5C9F241",
      "downloadLocation": "NOASSERTION",
      "filesAnalyzed": false,
      "licenseConcluded": "NOASSERTION",
      "licenseDeclared": "NOASSERTION",
      "copyrightText": "NOASSERTION",
      "versionInfo": "2.2.0",
      "externalRefs": [
        {
          "referenceCategory": "PACKAGE-MANAGER",
          "referenceType": "purl",
          "referenceLocator": "pkg:nuget/ThreatsManager.Engine@2.2.0"
        }
      ],
      "supplier": "Organization: Simone Curzi"
    },
    {
      "name": "System.Runtime.CompilerServices.Unsafe",
      "SPDXID": "SPDXRef-Package-1B140F7FA3F784DD56CC7A8B4145E9AD58D8CDD4C249A0F27F2262E47C9B41AF",
      "downloadLocation": "NOASSERTION",
      "filesAnalyzed": false,
      "licenseConcluded": "NOASSERTION",
      "licenseDeclared": "NOASSERTION",
      "copyrightText": "NOASSERTION",
      "versionInfo": "6.0.0",
      "externalRefs": [
        {
          "referenceCategory": "PACKAGE-MANAGER",
          "referenceType": "purl",
          "referenceLocator": "pkg:nuget/System.Runtime.CompilerServices.Unsafe@6.0.0"
        }
      ],
      "supplier": "Organization: Microsoft"
    },
    {
      "name": "ThreatsManager.Engine",
      "SPDXID": "SPDXRef-Package-1919CD61622CD29EA4DB0C25D399CF9E05A0037D4707E9318250E7E57D0E37B2",
      "downloadLocation": "NOASSERTION",
      "filesAnalyzed": false,
      "licenseConcluded": "NOASSERTION",
      "licenseDeclared": "NOASSERTION",
      "copyrightText": "NOASSERTION",
      "versionInfo": "2.2.2",
      "externalRefs": [
        {
          "referenceCategory": "PACKAGE-MANAGER",
          "referenceType": "purl",
          "referenceLocator": "pkg:nuget/ThreatsManager.Engine@2.2.2"
        }
      ],
      "supplier": "Organization: Simone Curzi"
    },
    {
      "name": "System.Memory",
      "SPDXID": "SPDXRef-Package-A2645140C49BA822DFA302147B90231A2DD8246C825B2E5561535F2BFFD43192",
      "downloadLocation": "NOASSERTION",
      "filesAnalyzed": false,
      "licenseConcluded": "NOASSERTION",
      "licenseDeclared": "NOASSERTION",
      "copyrightText": "NOASSERTION",
      "versionInfo": "4.5.5",
      "externalRefs": [
        {
          "referenceCategory": "PACKAGE-MANAGER",
          "referenceType": "purl",
          "referenceLocator": "pkg:nuget/System.Memory@4.5.5"
        }
      ],
      "supplier": "Organization: Microsoft"
    },
    {
      "name": "PostSharp.Patterns.Aggregation",
      "SPDXID": "SPDXRef-Package-7A132B5887E2748F11F31E4E55F7095F2134380DE1C42F92CADE24226E2C9DF8",
      "downloadLocation": "NOASSERTION",
      "filesAnalyzed": false,
      "licenseConcluded": "NOASSERTION",
      "licenseDeclared": "NOASSERTION",
      "copyrightText": "NOASSERTION",
      "versionInfo": "2024.0.8",
      "externalRefs": [
        {
          "referenceCategory": "PACKAGE-MANAGER",
          "referenceType": "purl",
          "referenceLocator": "pkg:nuget/PostSharp.Patterns.Aggregation@2024.0.8"
        }
      ],
      "supplier": "Organization: PostSharp Technologies"
    },
    {
      "name": "ThreatsManager.Interfaces",
      "SPDXID": "SPDXRef-Package-6A7FAF799AC0B429A9179F873369331BAD039618F989620AC57286C67DF2A9BC",
      "downloadLocation": "NOASSERTION",
      "filesAnalyzed": false,
      "licenseConcluded": "NOASSERTION",
      "licenseDeclared": "NOASSERTION",
      "copyrightText": "NOASSERTION",
      "versionInfo": "2.2.0",
      "externalRefs": [
        {
          "referenceCategory": "PACKAGE-MANAGER",
          "referenceType": "purl",
          "referenceLocator": "pkg:nuget/ThreatsManager.Interfaces@2.2.0"
        }
      ],
      "supplier": "Organization: Simone Curzi"
    },
    {
      "name": "PostSharp.Patterns.Diagnostics.Redist",
      "SPDXID": "SPDXRef-Package-AAD80902701A5DB2A25AE3A1E712F26186716BFDCA86EC5038C065394778AF89",
      "downloadLocation": "NOASSERTION",
      "filesAnalyzed": false,
      "licenseConcluded": "NOASSERTION",
      "licenseDeclared": "NOASSERTION",
      "copyrightText": "NOASSERTION",
      "versionInfo": "2024.0.8",
      "externalRefs": [
        {
          "referenceCategory": "PACKAGE-MANAGER",
          "referenceType": "purl",
          "referenceLocator": "pkg:nuget/PostSharp.Patterns.Diagnostics.Redist@2024.0.8"
        }
      ],
      "supplier": "Organization: PostSharp Technologies"
    },
    {
      "name": "Microsoft.WindowsAPICodePack.Core",
      "SPDXID": "SPDXRef-Package-55B95733640163032AC0C0C3FF590E32278B26153EFDDC4F3A36A4A2D8DD5629",
      "downloadLocation": "NOASSERTION",
      "filesAnalyzed": false,
      "licenseConcluded": "NOASSERTION",
      "licenseDeclared": "NOASSERTION",
      "copyrightText": "NOASSERTION",
      "versionInfo": "1.1.0",
      "externalRefs": [
        {
          "referenceCategory": "PACKAGE-MANAGER",
          "referenceType": "purl",
          "referenceLocator": "pkg:nuget/Microsoft.WindowsAPICodePack.Core@1.1.0"
        }
      ],
      "supplier": "Organization: Licshee"
    },
    {
      "name": "PostSharp.Patterns.Threading.Redist",
      "SPDXID": "SPDXRef-Package-84099CFDBE34D1F933906430BB258FD34E2317F409955509A2D10D777FCA5D22",
      "downloadLocation": "NOASSERTION",
      "filesAnalyzed": false,
      "licenseConcluded": "NOASSERTION",
      "licenseDeclared": "NOASSERTION",
      "copyrightText": "NOASSERTION",
      "versionInfo": "6.1.14",
      "externalRefs": [
        {
          "referenceCategory": "PACKAGE-MANAGER",
          "referenceType": "purl",
          "referenceLocator": "pkg:nuget/PostSharp.Patterns.Threading.Redist@6.1.14"
        }
      ],
      "supplier": "NOASSERTION"
    },
    {
      "name": "PostSharp.Patterns.Common.Redist",
      "SPDXID": "SPDXRef-Package-0EF0368D48284A00C09D6CC4B4F5B2101DED62042911F8B5B9896A3111316E79",
      "downloadLocation": "NOASSERTION",
      "filesAnalyzed": false,
      "licenseConcluded": "NOASSERTION",
      "licenseDeclared": "NOASSERTION",
      "copyrightText": "NOASSERTION",
      "versionInfo": "2023.0.7",
      "externalRefs": [
        {
          "referenceCategory": "PACKAGE-MANAGER",
          "referenceType": "purl",
          "referenceLocator": "pkg:nuget/PostSharp.Patterns.Common.Redist@2023.0.7"
        }
      ],
      "supplier": "NOASSERTION"
    },
    {
      "name": "PostSharp.Patterns.Threading",
      "SPDXID": "SPDXRef-Package-447BD42D237233BC37EEDB6D1B2D029AEBC1511CAD0FBE4442143D63176F24D5",
      "downloadLocation": "NOASSERTION",
      "filesAnalyzed": false,
      "licenseConcluded": "NOASSERTION",
      "licenseDeclared": "NOASSERTION",
      "copyrightText": "NOASSERTION",
      "versionInfo": "6.6.7",
      "externalRefs": [
        {
          "referenceCategory": "PACKAGE-MANAGER",
          "referenceType": "purl",
          "referenceLocator": "pkg:nuget/PostSharp.Patterns.Threading@6.6.7"
        }
      ],
      "supplier": "NOASSERTION"
    },
    {
      "name": "System.Resources.Extensions",
      "SPDXID": "SPDXRef-Package-9D23322A953449B8007813569ED41E50C4605E69A728DF412D83278CC15560C7",
      "downloadLocation": "NOASSERTION",
      "filesAnalyzed": false,
      "licenseConcluded": "NOASSERTION",
      "licenseDeclared": "NOASSERTION",
      "copyrightText": "NOASSERTION",
      "versionInfo": "7.0.0",
      "externalRefs": [
        {
          "referenceCategory": "PACKAGE-MANAGER",
          "referenceType": "purl",
          "referenceLocator": "pkg:nuget/System.Resources.Extensions@7.0.0"
        }
      ],
      "supplier": "NOASSERTION"
    },
    {
      "name": "Syncfusion.Pdf.WinForms",
      "SPDXID": "SPDXRef-Package-0F97E559D44AF6CF61DB1CE25354F19E118683D627E26EE2A3CCFEE217DDEAC7",
      "downloadLocation": "NOASSERTION",
      "filesAnalyzed": false,
      "licenseConcluded": "NOASSERTION",
      "licenseDeclared": "NOASSERTION",
      "copyrightText": "NOASSERTION",
      "versionInfo": "25.1.38",
      "externalRefs": [
        {
          "referenceCategory": "PACKAGE-MANAGER",
          "referenceType": "purl",
          "referenceLocator": "pkg:nuget/Syncfusion.Pdf.WinForms@25.1.38"
        }
      ],
      "supplier": "Organization: Syncfusion Inc."
    },
    {
      "name": "PostSharp.Patterns.Threading",
      "SPDXID": "SPDXRef-Package-55FBA99B1D65EDB6759C80CCBDCE0996BC6490650FA4CA8E6FA9DE29866D0DAC",
      "downloadLocation": "NOASSERTION",
      "filesAnalyzed": false,
      "licenseConcluded": "NOASSERTION",
      "licenseDeclared": "NOASSERTION",
      "copyrightText": "NOASSERTION",
      "versionInfo": "2024.0.8",
      "externalRefs": [
        {
          "referenceCategory": "PACKAGE-MANAGER",
          "referenceType": "purl",
          "referenceLocator": "pkg:nuget/PostSharp.Patterns.Threading@2024.0.8"
        }
      ],
      "supplier": "Organization: PostSharp Technologies"
    },
    {
      "name": "ThreatsManager.Extensions.Client",
      "SPDXID": "SPDXRef-Package-FAECEF17BB3875775BB06883BCCCBF61C32DC3568557FBD2612E08CD2A704D85",
      "downloadLocation": "NOASSERTION",
      "filesAnalyzed": false,
      "licenseConcluded": "NOASSERTION",
      "licenseDeclared": "NOASSERTION",
      "copyrightText": "NOASSERTION",
      "versionInfo": "2.2.2",
      "externalRefs": [
        {
          "referenceCategory": "PACKAGE-MANAGER",
          "referenceType": "purl",
          "referenceLocator": "pkg:nuget/ThreatsManager.Extensions.Client@2.2.2"
        }
      ],
      "supplier": "Organization: Simone Curzi"
    },
    {
      "name": "Syncfusion.XlsIO.WinForms",
      "SPDXID": "SPDXRef-Package-7B01359D3DE48AAC269F0C9D1861C1DDDDE5B2CD5465B04C9BD37F5DAF26DA22",
      "downloadLocation": "NOASSERTION",
      "filesAnalyzed": false,
      "licenseConcluded": "NOASSERTION",
      "licenseDeclared": "NOASSERTION",
      "copyrightText": "NOASSERTION",
      "versionInfo": "25.1.38",
      "externalRefs": [
        {
          "referenceCategory": "PACKAGE-MANAGER",
          "referenceType": "purl",
          "referenceLocator": "pkg:nuget/Syncfusion.XlsIO.WinForms@25.1.38"
        }
      ],
      "supplier": "Organization: Syncfusion Inc."
    },
    {
      "name": "ThreatsManager.Utilities",
      "SPDXID": "SPDXRef-Package-F928CCB6DB964512EDCE2D10C5F5CC995B11E2558AA595FAB059AB094EDA9BEE",
      "downloadLocation": "NOASSERTION",
      "filesAnalyzed": false,
      "licenseConcluded": "NOASSERTION",
      "licenseDeclared": "NOASSERTION",
      "copyrightText": "NOASSERTION",
      "versionInfo": "2.2.1",
      "externalRefs": [
        {
          "referenceCategory": "PACKAGE-MANAGER",
          "referenceType": "purl",
          "referenceLocator": "pkg:nuget/ThreatsManager.Utilities@2.2.1"
        }
      ],
      "supplier": "Organization: Simone Curzi"
    },
    {
      "name": "ThreatsManager.AutoThreatGeneration",
      "SPDXID": "SPDXRef-Package-6EAF49B35D295070314D6C00862A1C560DEE936C1B814CC033AFA547880936B8",
      "downloadLocation": "NOASSERTION",
      "filesAnalyzed": false,
      "licenseConcluded": "NOASSERTION",
      "licenseDeclared": "NOASSERTION",
      "copyrightText": "NOASSERTION",
      "versionInfo": "2.2.1",
      "externalRefs": [
        {
          "referenceCategory": "PACKAGE-MANAGER",
          "referenceType": "purl",
          "referenceLocator": "pkg:nuget/ThreatsManager.AutoThreatGeneration@2.2.1"
        }
      ],
      "supplier": "Organization: Simone Curzi"
    },
    {
      "name": "Syncfusion.Shared.Base",
      "SPDXID": "SPDXRef-Package-5BA1E5C2B10550091502769362551124D6B9287661619795DAA6C954C16897AB",
      "downloadLocation": "NOASSERTION",
      "filesAnalyzed": false,
      "licenseConcluded": "NOASSERTION",
      "licenseDeclared": "NOASSERTION",
      "copyrightText": "NOASSERTION",
      "versionInfo": "25.1.38",
      "externalRefs": [
        {
          "referenceCategory": "PACKAGE-MANAGER",
          "referenceType": "purl",
          "referenceLocator": "pkg:nuget/Syncfusion.Shared.Base@25.1.38"
        }
      ],
      "supplier": "Organization: Syncfusion Inc."
    },
    {
      "name": "Exceptionless",
      "SPDXID": "SPDXRef-Package-D68CA5561DDA8448FD2A45A6D8D8185A535C2A2A0A28B23EC0C28CC15E4D1BCE",
      "downloadLocation": "NOASSERTION",
      "filesAnalyzed": false,
      "licenseConcluded": "NOASSERTION",
      "licenseDeclared": "NOASSERTION",
      "copyrightText": "NOASSERTION",
      "versionInfo": "6.0.4",
      "externalRefs": [
        {
          "referenceCategory": "PACKAGE-MANAGER",
          "referenceType": "purl",
          "referenceLocator": "pkg:nuget/Exceptionless@6.0.4"
        }
      ],
      "supplier": "Organization: Exceptionless"
    },
    {
      "name": "PostSharp.Patterns.Threading",
      "SPDXID": "SPDXRef-Package-9AEFF11D81BE31D34822BA6514744805604C828085A039E0A1259B653FB3BC47",
      "downloadLocation": "NOASSERTION",
      "filesAnalyzed": false,
      "licenseConcluded": "NOASSERTION",
      "licenseDeclared": "NOASSERTION",
      "copyrightText": "NOASSERTION",
      "versionInfo": "6.1.14",
      "externalRefs": [
        {
          "referenceCategory": "PACKAGE-MANAGER",
          "referenceType": "purl",
          "referenceLocator": "pkg:nuget/PostSharp.Patterns.Threading@6.1.14"
        }
      ],
      "supplier": "NOASSERTION"
    },
    {
      "name": "PostSharp.Patterns.Common.Redist",
      "SPDXID": "SPDXRef-Package-A4293C549C790A8F1609609314EF695B655CA5F26EFA7CC0B5C769F997103053",
      "downloadLocation": "NOASSERTION",
      "filesAnalyzed": false,
      "licenseConcluded": "NOASSERTION",
      "licenseDeclared": "NOASSERTION",
      "copyrightText": "NOASSERTION",
      "versionInfo": "6.6.7",
      "externalRefs": [
        {
          "referenceCategory": "PACKAGE-MANAGER",
          "referenceType": "purl",
          "referenceLocator": "pkg:nuget/PostSharp.Patterns.Common.Redist@6.6.7"
        }
      ],
      "supplier": "NOASSERTION"
    },
    {
      "name": "PostSharp.Patterns.Aggregation",
      "SPDXID": "SPDXRef-Package-A2B081BCBE2B8C6594A047E2875ACC1A22A32425EFE016DD38A6E507695AF458",
      "downloadLocation": "NOASSERTION",
      "filesAnalyzed": false,
      "licenseConcluded": "NOASSERTION",
      "licenseDeclared": "NOASSERTION",
      "copyrightText": "NOASSERTION",
      "versionInfo": "6.6.7",
      "externalRefs": [
        {
          "referenceCategory": "PACKAGE-MANAGER",
          "referenceType": "purl",
          "referenceLocator": "pkg:nuget/PostSharp.Patterns.Aggregation@6.6.7"
        }
      ],
      "supplier": "NOASSERTION"
    },
    {
      "name": "ThreatsManager.Utilities.WinForms",
      "SPDXID": "SPDXRef-Package-45DD9E578C3E9A199FFEFF11A71808023997EC4ABE6238ABD4A44A6F3AB7C4F6",
      "downloadLocation": "NOASSERTION",
      "filesAnalyzed": false,
      "licenseConcluded": "NOASSERTION",
      "licenseDeclared": "NOASSERTION",
      "copyrightText": "NOASSERTION",
      "versionInfo": "2.2.0",
      "externalRefs": [
        {
          "referenceCategory": "PACKAGE-MANAGER",
          "referenceType": "purl",
          "referenceLocator": "pkg:nuget/ThreatsManager.Utilities.WinForms@2.2.0"
        }
      ],
      "supplier": "Organization: Simone Curzi"
    },
    {
      "name": "System.Text.Encoding.CodePages",
      "SPDXID": "SPDXRef-Package-CCF1A38E9EC6F8280F5E548D5990D28E6BD343BF07BA78EB019930DBF1DD4DB2",
      "downloadLocation": "NOASSERTION",
      "filesAnalyzed": false,
      "licenseConcluded": "NOASSERTION",
      "licenseDeclared": "NOASSERTION",
      "copyrightText": "NOASSERTION",
      "versionInfo": "8.0.0",
      "externalRefs": [
        {
          "referenceCategory": "PACKAGE-MANAGER",
          "referenceType": "purl",
          "referenceLocator": "pkg:nuget/System.Text.Encoding.CodePages@8.0.0"
        }
      ],
      "supplier": "Organization: Microsoft"
    },
    {
      "name": "ThreatsManager.Extensions.Client",
      "SPDXID": "SPDXRef-Package-69F188F3B630B0954CC02292E0429557B2898AF3DD8176715C652A103D96A811",
      "downloadLocation": "NOASSERTION",
      "filesAnalyzed": false,
      "licenseConcluded": "NOASSERTION",
      "licenseDeclared": "NOASSERTION",
      "copyrightText": "NOASSERTION",
      "versionInfo": "2.2.1",
      "externalRefs": [
        {
          "referenceCategory": "PACKAGE-MANAGER",
          "referenceType": "purl",
          "referenceLocator": "pkg:nuget/ThreatsManager.Extensions.Client@2.2.1"
        }
      ],
      "supplier": "Organization: Simone Curzi"
    },
    {
      "name": "PostSharp.Patterns.Diagnostics",
      "SPDXID": "SPDXRef-Package-9E53FE875E664A27A2E724AFF652599115D64E8089686A17CB0FAA794CFF39A2",
      "downloadLocation": "NOASSERTION",
      "filesAnalyzed": false,
      "licenseConcluded": "NOASSERTION",
      "licenseDeclared": "NOASSERTION",
      "copyrightText": "NOASSERTION",
      "versionInfo": "2024.0.8",
      "externalRefs": [
        {
          "referenceCategory": "PACKAGE-MANAGER",
          "referenceType": "purl",
          "referenceLocator": "pkg:nuget/PostSharp.Patterns.Diagnostics@2024.0.8"
        }
      ],
      "supplier": "Organization: PostSharp Technologies"
    },
    {
      "name": "PostSharp.Patterns.Common",
      "SPDXID": "SPDXRef-Package-3036FA4AA4AA8E25839A015031B16C7C68F673BE21CD50A5A3E074465C383F13",
      "downloadLocation": "NOASSERTION",
      "filesAnalyzed": false,
      "licenseConcluded": "NOASSERTION",
      "licenseDeclared": "NOASSERTION",
      "copyrightText": "NOASSERTION",
      "versionInfo": "2024.0.8",
      "externalRefs": [
        {
          "referenceCategory": "PACKAGE-MANAGER",
          "referenceType": "purl",
          "referenceLocator": "pkg:nuget/PostSharp.Patterns.Common@2024.0.8"
        }
      ],
      "supplier": "Organization: PostSharp Technologies"
    },
    {
      "name": "PostSharp.Patterns.Aggregation.Redist",
      "SPDXID": "SPDXRef-Package-6379CCB25AF5E1D2D13BBCF25714BF668FEFAF783E34D1CF18559CCD8F256B56",
      "downloadLocation": "NOASSERTION",
      "filesAnalyzed": false,
      "licenseConcluded": "NOASSERTION",
      "licenseDeclared": "NOASSERTION",
      "copyrightText": "NOASSERTION",
      "versionInfo": "2024.0.8",
      "externalRefs": [
        {
          "referenceCategory": "PACKAGE-MANAGER",
          "referenceType": "purl",
          "referenceLocator": "pkg:nuget/PostSharp.Patterns.Aggregation.Redist@2024.0.8"
        }
      ],
      "supplier": "Organization: PostSharp Technologies"
    },
    {
      "name": "ThreatsManager.AutoGenRules",
      "SPDXID": "SPDXRef-Package-D9AA59A26025EE77BBED23C7D7A2061295BA62E602814EB63FC2EAF74F0F5A08",
      "downloadLocation": "NOASSERTION",
      "filesAnalyzed": false,
      "licenseConcluded": "NOASSERTION",
      "licenseDeclared": "NOASSERTION",
      "copyrightText": "NOASSERTION",
      "versionInfo": "2.2.0",
      "externalRefs": [
        {
          "referenceCategory": "PACKAGE-MANAGER",
          "referenceType": "purl",
          "referenceLocator": "pkg:nuget/ThreatsManager.AutoGenRules@2.2.0"
        }
      ],
      "supplier": "Organization: Simone Curzi"
    },
    {
      "name": "MSBuildTasks",
      "SPDXID": "SPDXRef-Package-804FFBF77456E521292B0CAC4E81AA277BC9EABC985359347B5EADD37973A64E",
      "downloadLocation": "NOASSERTION",
      "filesAnalyzed": false,
      "licenseConcluded": "NOASSERTION",
      "licenseDeclared": "NOASSERTION",
      "copyrightText": "NOASSERTION",
      "versionInfo": "1.5.0.235",
      "externalRefs": [
        {
          "referenceCategory": "PACKAGE-MANAGER",
          "referenceType": "purl",
          "referenceLocator": "pkg:nuget/MSBuildTasks@1.5.0.235"
        }
      ],
      "supplier": "Organization: LoreSoft"
    },
    {
      "name": "PostSharp.Patterns.Aggregation.Redist",
      "SPDXID": "SPDXRef-Package-34BF238B2C110D71E22F93DEF17AE7CDC40023E3B83A9876C63386128B780105",
      "downloadLocation": "NOASSERTION",
      "filesAnalyzed": false,
      "licenseConcluded": "NOASSERTION",
      "licenseDeclared": "NOASSERTION",
      "copyrightText": "NOASSERTION",
      "versionInfo": "6.1.14",
      "externalRefs": [
        {
          "referenceCategory": "PACKAGE-MANAGER",
          "referenceType": "purl",
          "referenceLocator": "pkg:nuget/PostSharp.Patterns.Aggregation.Redist@6.1.14"
        }
      ],
      "supplier": "NOASSERTION"
    },
    {
      "name": "PostSharp.Redist",
      "SPDXID": "SPDXRef-Package-637A01904275036D44FE8839672F3A6B014A90B92A7763740B8B39661C98E9F0",
      "downloadLocation": "NOASSERTION",
      "filesAnalyzed": false,
      "licenseConcluded": "NOASSERTION",
      "licenseDeclared": "NOASSERTION",
      "copyrightText": "NOASSERTION",
      "versionInfo": "2023.0.7",
      "externalRefs": [
        {
          "referenceCategory": "PACKAGE-MANAGER",
          "referenceType": "purl",
          "referenceLocator": "pkg:nuget/PostSharp.Redist@2023.0.7"
        }
      ],
      "supplier": "NOASSERTION"
    },
    {
      "name": "PostSharp.Patterns.Aggregation.Redist",
      "SPDXID": "SPDXRef-Package-CF4969A3DF1DA7017EFAFCEE9DA33EAA304EB69AB7D0BC2AF7425BBB7FE97670",
      "downloadLocation": "NOASSERTION",
      "filesAnalyzed": false,
      "licenseConcluded": "NOASSERTION",
      "licenseDeclared": "NOASSERTION",
      "copyrightText": "NOASSERTION",
      "versionInfo": "6.6.7",
      "externalRefs": [
        {
          "referenceCategory": "PACKAGE-MANAGER",
          "referenceType": "purl",
          "referenceLocator": "pkg:nuget/PostSharp.Patterns.Aggregation.Redist@6.6.7"
        }
      ],
      "supplier": "NOASSERTION"
    },
    {
      "name": "ExCSS",
      "SPDXID": "SPDXRef-Package-F582A2CDB99CFC7548CDEA145383A09E11B8227C68B57ACF175FB0855A391A91",
      "downloadLocation": "NOASSERTION",
      "filesAnalyzed": false,
      "licenseConcluded": "NOASSERTION",
      "licenseDeclared": "NOASSERTION",
      "copyrightText": "NOASSERTION",
      "versionInfo": "4.2.3",
      "externalRefs": [
        {
          "referenceCategory": "PACKAGE-MANAGER",
          "referenceType": "purl",
          "referenceLocator": "pkg:nuget/ExCSS@4.2.3"
        }
      ],
      "supplier": "NOASSERTION"
    },
    {
      "name": "System.ComponentModel.Composition",
      "SPDXID": "SPDXRef-Package-45F18602780C4D414694A3E1A8C6A21F6860CAA639E4A56E1C0498902B5457CC",
      "downloadLocation": "NOASSERTION",
      "filesAnalyzed": false,
      "licenseConcluded": "NOASSERTION",
      "licenseDeclared": "NOASSERTION",
      "copyrightText": "NOASSERTION",
      "versionInfo": "8.0.0",
      "externalRefs": [
        {
          "referenceCategory": "PACKAGE-MANAGER",
          "referenceType": "purl",
          "referenceLocator": "pkg:nuget/System.ComponentModel.Composition@8.0.0"
        }
      ],
      "supplier": "Organization: Microsoft"
    },
    {
      "name": "Syncfusion.Gauge.Windows",
      "SPDXID": "SPDXRef-Package-60C21F9EC90E901A86AF6DABDE3A75AB0562E587612228A47C85B57DACA218EE",
      "downloadLocation": "NOASSERTION",
      "filesAnalyzed": false,
      "licenseConcluded": "NOASSERTION",
      "licenseDeclared": "NOASSERTION",
      "copyrightText": "NOASSERTION",
      "versionInfo": "25.1.38",
      "externalRefs": [
        {
          "referenceCategory": "PACKAGE-MANAGER",
          "referenceType": "purl",
          "referenceLocator": "pkg:nuget/Syncfusion.Gauge.Windows@25.1.38"
        }
      ],
      "supplier": "Organization: Syncfusion Inc."
    },
    {
      "name": "PostSharp.Patterns.Common.Redist",
      "SPDXID": "SPDXRef-Package-490397CA5E7A67CC7226926418351663AEC1B56062EE0469D8461D7DBAD4A0FC",
      "downloadLocation": "NOASSERTION",
      "filesAnalyzed": false,
      "licenseConcluded": "NOASSERTION",
      "licenseDeclared": "NOASSERTION",
      "copyrightText": "NOASSERTION",
      "versionInfo": "2024.0.8",
      "externalRefs": [
        {
          "referenceCategory": "PACKAGE-MANAGER",
          "referenceType": "purl",
          "referenceLocator": "pkg:nuget/PostSharp.Patterns.Common.Redist@2024.0.8"
        }
      ],
      "supplier": "Organization: PostSharp Technologies"
    },
    {
      "name": "System.Threading.Tasks.Extensions",
      "SPDXID": "SPDXRef-Package-867248F97C6C41C75AD10676673191D1F589BE302E260F953ED535BC34C37F44",
      "downloadLocation": "NOASSERTION",
      "filesAnalyzed": false,
      "licenseConcluded": "NOASSERTION",
      "licenseDeclared": "NOASSERTION",
      "copyrightText": "NOASSERTION",
      "versionInfo": "4.5.4",
      "externalRefs": [
        {
          "referenceCategory": "PACKAGE-MANAGER",
          "referenceType": "purl",
          "referenceLocator": "pkg:nuget/System.Threading.Tasks.Extensions@4.5.4"
        }
      ],
      "supplier": "Organization: Microsoft"
    },
    {
      "name": "Syncfusion.OfficeChart.Base",
      "SPDXID": "SPDXRef-Package-1BF7CFF33C0B42239F4F061CFE5D04EB9C95C290D01BF714C52715D36BDF3275",
      "downloadLocation": "NOASSERTION",
      "filesAnalyzed": false,
      "licenseConcluded": "NOASSERTION",
      "licenseDeclared": "NOASSERTION",
      "copyrightText": "NOASSERTION",
      "versionInfo": "25.1.38",
      "externalRefs": [
        {
          "referenceCategory": "PACKAGE-MANAGER",
          "referenceType": "purl",
          "referenceLocator": "pkg:nuget/Syncfusion.OfficeChart.Base@25.1.38"
        }
      ],
      "supplier": "Organization: Syncfusion Inc."
    },
    {
      "name": "System.Drawing.Common",
      "SPDXID": "SPDXRef-Package-1E3F0DE5419CF41CE7DA18907406D8618A23E73477CED8A0A5B96FABC4B00C8E",
      "downloadLocation": "NOASSERTION",
      "filesAnalyzed": false,
      "licenseConcluded": "NOASSERTION",
      "licenseDeclared": "NOASSERTION",
      "copyrightText": "NOASSERTION",
      "versionInfo": "7.0.0",
      "externalRefs": [
        {
          "referenceCategory": "PACKAGE-MANAGER",
          "referenceType": "purl",
          "referenceLocator": "pkg:nuget/System.Drawing.Common@7.0.0"
        }
      ],
      "supplier": "NOASSERTION"
    },
    {
      "name": "ThreatsManager.Utilities",
      "SPDXID": "SPDXRef-Package-A244012F9B0B82ABCAD9E7F5D329AED18D7B3AC639B151A2EAA8D55CE261FDB3",
      "downloadLocation": "NOASSERTION",
      "filesAnalyzed": false,
      "licenseConcluded": "NOASSERTION",
      "licenseDeclared": "NOASSERTION",
      "copyrightText": "NOASSERTION",
      "versionInfo": "2.2.0",
      "externalRefs": [
        {
          "referenceCategory": "PACKAGE-MANAGER",
          "referenceType": "purl",
          "referenceLocator": "pkg:nuget/ThreatsManager.Utilities@2.2.0"
        }
      ],
      "supplier": "Organization: Simone Curzi"
    },
    {
      "name": "ThreatsManager.AutoThreatGeneration",
      "SPDXID": "SPDXRef-Package-8D3D37472D9150A034C48D5BB8A7580402D98AB4911B8F5BD9983E1C9B8D981A",
      "downloadLocation": "NOASSERTION",
      "filesAnalyzed": false,
      "licenseConcluded": "NOASSERTION",
      "licenseDeclared": "NOASSERTION",
      "copyrightText": "NOASSERTION",
      "versionInfo": "2.2.0",
      "externalRefs": [
        {
          "referenceCategory": "PACKAGE-MANAGER",
          "referenceType": "purl",
          "referenceLocator": "pkg:nuget/ThreatsManager.AutoThreatGeneration@2.2.0"
        }
      ],
      "supplier": "Organization: Simone Curzi"
    },
    {
      "name": "NLog",
      "SPDXID": "SPDXRef-Package-CB84EC6DCE6593D34F43A7D53EC9232D260DCE6BE6750D8F5AD6E3FA3620D86A",
      "downloadLocation": "NOASSERTION",
      "filesAnalyzed": false,
      "licenseConcluded": "NOASSERTION",
      "licenseDeclared": "NOASSERTION",
      "copyrightText": "NOASSERTION",
      "versionInfo": "5.2.8",
      "externalRefs": [
        {
          "referenceCategory": "PACKAGE-MANAGER",
          "referenceType": "purl",
          "referenceLocator": "pkg:nuget/NLog@5.2.8"
        }
      ],
      "supplier": "Organization: Jarek Kowalski"
    },
    {
      "name": "PostSharp.Patterns.Aggregation",
      "SPDXID": "SPDXRef-Package-1AE2553101B12AE81A36A0BB1D9A284EC949FECE1670ABC2EB2238088BDED5FD",
      "downloadLocation": "NOASSERTION",
      "filesAnalyzed": false,
      "licenseConcluded": "NOASSERTION",
      "licenseDeclared": "NOASSERTION",
      "copyrightText": "NOASSERTION",
      "versionInfo": "6.1.14",
      "externalRefs": [
        {
          "referenceCategory": "PACKAGE-MANAGER",
          "referenceType": "purl",
          "referenceLocator": "pkg:nuget/PostSharp.Patterns.Aggregation@6.1.14"
        }
      ],
      "supplier": "NOASSERTION"
    },
    {
      "name": "PostSharp.Patterns.Common",
      "SPDXID": "SPDXRef-Package-A201A83BB9B558521C1843189C5E5B4180509C6DD6516C64279F563977638058",
      "downloadLocation": "NOASSERTION",
      "filesAnalyzed": false,
      "licenseConcluded": "NOASSERTION",
      "licenseDeclared": "NOASSERTION",
      "copyrightText": "NOASSERTION",
      "versionInfo": "6.1.14",
      "externalRefs": [
        {
          "referenceCategory": "PACKAGE-MANAGER",
          "referenceType": "purl",
          "referenceLocator": "pkg:nuget/PostSharp.Patterns.Common@6.1.14"
        }
      ],
      "supplier": "NOASSERTION"
    },
    {
      "name": "PostSharp.Redist",
      "SPDXID": "SPDXRef-Package-60915AEE87988EB50C231A8BA415B1B229382B1084B1E5CC654E5AFDD2711976",
      "downloadLocation": "NOASSERTION",
      "filesAnalyzed": false,
      "licenseConcluded": "NOASSERTION",
      "licenseDeclared": "NOASSERTION",
      "copyrightText": "NOASSERTION",
      "versionInfo": "6.6.7",
      "externalRefs": [
        {
          "referenceCategory": "PACKAGE-MANAGER",
          "referenceType": "purl",
          "referenceLocator": "pkg:nuget/PostSharp.Redist@6.6.7"
        }
      ],
      "supplier": "NOASSERTION"
    },
    {
      "name": "PostSharp",
      "SPDXID": "SPDXRef-Package-4A969F1CAD0CF093935B0E1F4D471F10DEDF64B8F491D8834D9FF9347FBB46BA",
      "downloadLocation": "NOASSERTION",
      "filesAnalyzed": false,
      "licenseConcluded": "NOASSERTION",
      "licenseDeclared": "NOASSERTION",
      "copyrightText": "NOASSERTION",
      "versionInfo": "6.6.7",
      "externalRefs": [
        {
          "referenceCategory": "PACKAGE-MANAGER",
          "referenceType": "purl",
          "referenceLocator": "pkg:nuget/PostSharp@6.6.7"
        }
      ],
      "supplier": "NOASSERTION"
    },
    {
      "name": "Threats Manager Studio",
      "SPDXID": "SPDXRef-RootPackage",
      "downloadLocation": "NOASSERTION",
      "packageVerificationCode": {
        "packageVerificationCodeValue": "da39a3ee5e6b4b0d3255bfef95601890afd80709"
      },
      "filesAnalyzed": true,
      "licenseConcluded": "NOASSERTION",
      "licenseInfoFromFiles": [
        "NOASSERTION"
      ],
      "licenseDeclared": "NOASSERTION",
      "copyrightText": "NOASSERTION",
      "versionInfo": "2.2.2",
      "externalRefs": [
        {
          "referenceCategory": "PACKAGE-MANAGER",
          "referenceType": "purl",
          "referenceLocator": "pkg:swid/Simone%20Curzi/threatsmanager.com/Threats%20Manager%20Studio@2.2.2?tag_id=6971c9dc-cee4-4cdb-8e6f-7385874069ae"
        }
      ],
      "supplier": "Organization: Simone Curzi",
      "hasFiles": []
    }
  ],
  "externalDocumentRefs": [],
  "relationships": [
    {
      "relationshipType": "DESCRIBES",
      "relatedSpdxElement": "SPDXRef-RootPackage",
      "spdxElementId": "SPDXRef-DOCUMENT"
    },
    {
      "relationshipType": "DEPENDS_ON",
      "relatedSpdxElement": "SPDXRef-Package-C924E25709BAC7772763FD535719B02BFD9AE676EB73B3DA4C7058E9A501DC30",
      "spdxElementId": "SPDXRef-RootPackage"
    },
    {
      "relationshipType": "DEPENDS_ON",
      "relatedSpdxElement": "SPDXRef-Package-F5DA18A66B263B88B606E60E314C50C568933A4004E18FBBB8920C97E9153939",
      "spdxElementId": "SPDXRef-RootPackage"
    },
    {
      "relationshipType": "DEPENDS_ON",
      "relatedSpdxElement": "SPDXRef-Package-B886264C88915A93892AFBE3D28CD5B3C8B7990F0C6A47AD506184440C46436E",
      "spdxElementId": "SPDXRef-RootPackage"
    },
    {
      "relationshipType": "DEPENDS_ON",
      "relatedSpdxElement": "SPDXRef-Package-169435F5DFBFB10FDC151B049172DB9E515D7DB16290F0CD668FE29DE3C7C397",
      "spdxElementId": "SPDXRef-RootPackage"
    },
    {
      "relationshipType": "DEPENDS_ON",
      "relatedSpdxElement": "SPDXRef-Package-B63AF59EDFF99A1790A42A469167748E8EB2FA1E4345B8998DE5BA4B3EF253FA",
      "spdxElementId": "SPDXRef-RootPackage"
    },
    {
      "relationshipType": "DEPENDS_ON",
      "relatedSpdxElement": "SPDXRef-Package-B6A574EEEBDF45B3C2164B24D87167782F3684107E8B9A71FCD151910FCC2354",
      "spdxElementId": "SPDXRef-RootPackage"
    },
    {
      "relationshipType": "DEPENDS_ON",
      "relatedSpdxElement": "SPDXRef-Package-DE4B728EF50FA467E52ACA42912539958E10A69DA7AD53DA2C4D72371A0A94E7",
      "spdxElementId": "SPDXRef-RootPackage"
    },
    {
      "relationshipType": "DEPENDS_ON",
      "relatedSpdxElement": "SPDXRef-Package-99B484564D51CC13C9CFEAEF3B587B994347C43EBCE51E4A30F1AD0AB53F6F1A",
      "spdxElementId": "SPDXRef-RootPackage"
    },
    {
      "relationshipType": "DEPENDS_ON",
      "relatedSpdxElement": "SPDXRef-Package-F8DE50729125DAC360E3A686403D3A2C3DC10909D104DA633FFA3EB999037C4F",
      "spdxElementId": "SPDXRef-RootPackage"
    },
    {
      "relationshipType": "DEPENDS_ON",
      "relatedSpdxElement": "SPDXRef-Package-8B0B900CDB7DCDE16012CBE70CDA371B8CF176A70C00B76F0214B623E33180C2",
      "spdxElementId": "SPDXRef-RootPackage"
    },
    {
      "relationshipType": "DEPENDS_ON",
      "relatedSpdxElement": "SPDXRef-Package-D5F937CDC86CBC13B5803898689C63EA3744103C3CA6BA564224AFB751812E7E",
      "spdxElementId": "SPDXRef-RootPackage"
    },
    {
      "relationshipType": "DEPENDS_ON",
      "relatedSpdxElement": "SPDXRef-Package-ADE80B983367EB130FEFD3C6AC15B67E1C43D125ADE5A3D9684C32350677D5A8",
      "spdxElementId": "SPDXRef-RootPackage"
    },
    {
      "relationshipType": "DEPENDS_ON",
      "relatedSpdxElement": "SPDXRef-Package-9D23322A953449B8007813569ED41E50C4605E69A728DF412D83278CC15560C7",
      "spdxElementId": "SPDXRef-RootPackage"
    },
    {
      "relationshipType": "DEPENDS_ON",
      "relatedSpdxElement": "SPDXRef-Package-447BD42D237233BC37EEDB6D1B2D029AEBC1511CAD0FBE4442143D63176F24D5",
      "spdxElementId": "SPDXRef-RootPackage"
    },
    {
      "relationshipType": "DEPENDS_ON",
      "relatedSpdxElement": "SPDXRef-Package-0EF0368D48284A00C09D6CC4B4F5B2101DED62042911F8B5B9896A3111316E79",
      "spdxElementId": "SPDXRef-RootPackage"
    },
    {
      "relationshipType": "DEPENDS_ON",
      "relatedSpdxElement": "SPDXRef-Package-84099CFDBE34D1F933906430BB258FD34E2317F409955509A2D10D777FCA5D22",
      "spdxElementId": "SPDXRef-RootPackage"
    },
    {
      "relationshipType": "DEPENDS_ON",
      "relatedSpdxElement": "SPDXRef-Package-55B95733640163032AC0C0C3FF590E32278B26153EFDDC4F3A36A4A2D8DD5629",
      "spdxElementId": "SPDXRef-RootPackage"
    },
    {
      "relationshipType": "DEPENDS_ON",
      "relatedSpdxElement": "SPDXRef-Package-AAD80902701A5DB2A25AE3A1E712F26186716BFDCA86EC5038C065394778AF89",
      "spdxElementId": "SPDXRef-RootPackage"
    },
    {
      "relationshipType": "DEPENDS_ON",
      "relatedSpdxElement": "SPDXRef-Package-6A7FAF799AC0B429A9179F873369331BAD039618F989620AC57286C67DF2A9BC",
      "spdxElementId": "SPDXRef-RootPackage"
    },
    {
      "relationshipType": "DEPENDS_ON",
      "relatedSpdxElement": "SPDXRef-Package-7A132B5887E2748F11F31E4E55F7095F2134380DE1C42F92CADE24226E2C9DF8",
      "spdxElementId": "SPDXRef-RootPackage"
    },
    {
      "relationshipType": "DEPENDS_ON",
      "relatedSpdxElement": "SPDXRef-Package-A2645140C49BA822DFA302147B90231A2DD8246C825B2E5561535F2BFFD43192",
      "spdxElementId": "SPDXRef-RootPackage"
    },
    {
      "relationshipType": "DEPENDS_ON",
      "relatedSpdxElement": "SPDXRef-Package-1919CD61622CD29EA4DB0C25D399CF9E05A0037D4707E9318250E7E57D0E37B2",
      "spdxElementId": "SPDXRef-RootPackage"
    },
    {
      "relationshipType": "DEPENDS_ON",
      "relatedSpdxElement": "SPDXRef-Package-1B140F7FA3F784DD56CC7A8B4145E9AD58D8CDD4C249A0F27F2262E47C9B41AF",
      "spdxElementId": "SPDXRef-RootPackage"
    },
    {
      "relationshipType": "DEPENDS_ON",
      "relatedSpdxElement": "SPDXRef-Package-23EC7C18812053221ED418B65A1092F2DCAD01695CDF31D447E97B71D5C9F241",
      "spdxElementId": "SPDXRef-RootPackage"
    },
    {
      "relationshipType": "DEPENDS_ON",
      "relatedSpdxElement": "SPDXRef-Package-A8234BA787BE869B7FBF2B3F0F8528E0E1312B040E601899826B3C711D44F774",
      "spdxElementId": "SPDXRef-RootPackage"
    },
    {
      "relationshipType": "DEPENDS_ON",
      "relatedSpdxElement": "SPDXRef-Package-615D5DD5CE64E7077BE2D7E749F734D41FB2FB3E3A50FEAD0330EE08F5A0EA0B",
      "spdxElementId": "SPDXRef-RootPackage"
    },
    {
      "relationshipType": "DEPENDS_ON",
      "relatedSpdxElement": "SPDXRef-Package-E1818B904DCFD256CDC834D6F965DB7FB28C0C0BF19D1575FA7CD157D58065FD",
      "spdxElementId": "SPDXRef-RootPackage"
    },
    {
      "relationshipType": "DEPENDS_ON",
      "relatedSpdxElement": "SPDXRef-Package-08605B7F258B430D2A2933A6113B03955BD20C9E7B7C401B090019C0553498E9",
      "spdxElementId": "SPDXRef-RootPackage"
    },
    {
      "relationshipType": "DEPENDS_ON",
      "relatedSpdxElement": "SPDXRef-Package-C1475C5380732C85127A15B8BADF74D2619786E90578875B650082AE4497BC14",
      "spdxElementId": "SPDXRef-RootPackage"
    },
    {
      "relationshipType": "DEPENDS_ON",
      "relatedSpdxElement": "SPDXRef-Package-E905B327B7EE357D0382DB00785D955A194E4A9D8B57C48AC508F4810CA3DF76",
      "spdxElementId": "SPDXRef-RootPackage"
    },
    {
      "relationshipType": "DEPENDS_ON",
      "relatedSpdxElement": "SPDXRef-Package-4C1780151F9048A22864D89014C120A62C4FAD49051E940E9FE58A9F4C930AD6",
      "spdxElementId": "SPDXRef-RootPackage"
    },
    {
      "relationshipType": "DEPENDS_ON",
      "relatedSpdxElement": "SPDXRef-Package-0C07347FC7DDD8A2BE37469AC279EDA5B2D74C559C6D4FBFDDC63D324A1F6CED",
      "spdxElementId": "SPDXRef-RootPackage"
    },
    {
      "relationshipType": "DEPENDS_ON",
      "relatedSpdxElement": "SPDXRef-Package-9913FC77FF1C1171C738782E410BE9C92E9F6C7F5FD54F4D911DC70DDA615920",
      "spdxElementId": "SPDXRef-RootPackage"
    },
    {
      "relationshipType": "DEPENDS_ON",
      "relatedSpdxElement": "SPDXRef-Package-011A92F0C0FFC13D787AF53D02C1BE04B1631D572F86E56F1A5462204FB6FED9",
      "spdxElementId": "SPDXRef-RootPackage"
    },
    {
      "relationshipType": "DEPENDS_ON",
      "relatedSpdxElement": "SPDXRef-Package-2140496D1360B4E0B48E5CB2668664F6A09B073863551CAD72BC2B37C77DC2E9",
      "spdxElementId": "SPDXRef-RootPackage"
    },
    {
      "relationshipType": "DEPENDS_ON",
      "relatedSpdxElement": "SPDXRef-Package-457403F18F0C1BEC24D03DE138B4F28B74BA8E167CBD5609421FD5D3E014D989",
      "spdxElementId": "SPDXRef-RootPackage"
    },
    {
      "relationshipType": "DEPENDS_ON",
      "relatedSpdxElement": "SPDXRef-Package-B070B49977BEC8B2FB690DB739C920BB67A07AE2308C90B640EC1AA2FADCE0F3",
      "spdxElementId": "SPDXRef-RootPackage"
    },
    {
      "relationshipType": "DEPENDS_ON",
      "relatedSpdxElement": "SPDXRef-Package-BB7BDFAE43D3358471B27E86D83DF60DB946C04917941D64E6FA9455692FC803",
      "spdxElementId": "SPDXRef-RootPackage"
    },
    {
      "relationshipType": "DEPENDS_ON",
      "relatedSpdxElement": "SPDXRef-Package-61752E6897B4D9AFFC3DF76CF04A2AC52B3BFF29E1B060FE4AE54E1ED8D6DD9F",
      "spdxElementId": "SPDXRef-RootPackage"
    },
    {
      "relationshipType": "DEPENDS_ON",
      "relatedSpdxElement": "SPDXRef-Package-6325A3E02309FFD4762396D3705E9C0E776DF2552CBD2BD67E9CAB83BE4E6B99",
      "spdxElementId": "SPDXRef-RootPackage"
    },
    {
      "relationshipType": "DEPENDS_ON",
      "relatedSpdxElement": "SPDXRef-Package-7AE50D07E77347B9CF62F60A2BA5199800512E571543D66B98F7DBA804120813",
      "spdxElementId": "SPDXRef-RootPackage"
    },
    {
      "relationshipType": "DEPENDS_ON",
      "relatedSpdxElement": "SPDXRef-Package-34A91FA65C12E0255D811F84F4AF2990FA0092C8BE1060C210F38CEFABD7BAEE",
      "spdxElementId": "SPDXRef-RootPackage"
    },
    {
      "relationshipType": "DEPENDS_ON",
      "relatedSpdxElement": "SPDXRef-Package-8757039A8B547FF9C2EE2B141D443488CCF34AEE4C0D0668CA502A8050812221",
      "spdxElementId": "SPDXRef-RootPackage"
    },
    {
      "relationshipType": "DEPENDS_ON",
      "relatedSpdxElement": "SPDXRef-Package-D104A2A6563DC14DADA50A43307C03A5E7249D23141336EB3B6D9B635DFEB482",
      "spdxElementId": "SPDXRef-RootPackage"
    },
    {
      "relationshipType": "DEPENDS_ON",
      "relatedSpdxElement": "SPDXRef-Package-E8FDE4D2AEC6FB23733088EA7FF01D3D4954FF055E67EB4FF6947CBFD8158937",
      "spdxElementId": "SPDXRef-RootPackage"
    },
    {
      "relationshipType": "DEPENDS_ON",
      "relatedSpdxElement": "SPDXRef-Package-EA74F2C03EAD5BBB032B91ECD40C8A0DFF08F2DB473C6F8F77DF9D3DAC79B7D2",
      "spdxElementId": "SPDXRef-RootPackage"
    },
    {
      "relationshipType": "DEPENDS_ON",
      "relatedSpdxElement": "SPDXRef-Package-01FBE39297615D5615DCAF2AB4E213D489A90F4CC6E7CAA4E1F22CC76BA02C6A",
      "spdxElementId": "SPDXRef-RootPackage"
    },
    {
      "relationshipType": "DEPENDS_ON",
      "relatedSpdxElement": "SPDXRef-Package-9DCEBE7EC11BE600C98BC24C1A622D5C3EC4C87D508F4F939A691944AC1C98E1",
      "spdxElementId": "SPDXRef-RootPackage"
    },
    {
      "relationshipType": "DEPENDS_ON",
      "relatedSpdxElement": "SPDXRef-Package-1E3F0DE5419CF41CE7DA18907406D8618A23E73477CED8A0A5B96FABC4B00C8E",
      "spdxElementId": "SPDXRef-RootPackage"
    },
    {
      "relationshipType": "DEPENDS_ON",
      "relatedSpdxElement": "SPDXRef-Package-7CFE3A11FFACF3BA9E1C343F97C1D968A08170757F3935AD20F0801F704C325F",
      "spdxElementId": "SPDXRef-RootPackage"
    },
    {
      "relationshipType": "DEPENDS_ON",
      "relatedSpdxElement": "SPDXRef-Package-792D17F839CCD646A9653A858ACE4D29B384050560879E6FC2C26C4237495BEE",
      "spdxElementId": "SPDXRef-RootPackage"
    },
    {
      "relationshipType": "DEPENDS_ON",
      "relatedSpdxElement": "SPDXRef-Package-9C7AF195953BBB624A1BAE1A0F2CD6F537273D96A4709694767D026DBB7529EF",
      "spdxElementId": "SPDXRef-RootPackage"
    },
    {
      "relationshipType": "DEPENDS_ON",
      "relatedSpdxElement": "SPDXRef-Package-1E0B0AE3CFFBEA496FD0B8B7C8A2A5A397882AA208213D3BBEA22EB585150933",
      "spdxElementId": "SPDXRef-RootPackage"
    },
    {
      "relationshipType": "DEPENDS_ON",
      "relatedSpdxElement": "SPDXRef-Package-E87CDF2B65C4DCCEC4BE3274F03597D4241BB602A716E64395F6DFC2A03019B9",
      "spdxElementId": "SPDXRef-RootPackage"
    },
    {
      "relationshipType": "DEPENDS_ON",
      "relatedSpdxElement": "SPDXRef-Package-529C8350A1DBE79912378AFBA9CE26CCCE48FA566B3D4D663E1FC866EBFDC015",
      "spdxElementId": "SPDXRef-RootPackage"
    },
    {
      "relationshipType": "DEPENDS_ON",
      "relatedSpdxElement": "SPDXRef-Package-169F9EE1DEC2D075411845BE4CF65C37F3CF0AE3692152794155497A1F3D31F5",
      "spdxElementId": "SPDXRef-RootPackage"
    },
    {
      "relationshipType": "DEPENDS_ON",
      "relatedSpdxElement": "SPDXRef-Package-B148AA063E46A4E9B2BB1813AFD7C85D2F5FCC7BF08A49EA3814C921E3D1F1DB",
      "spdxElementId": "SPDXRef-RootPackage"
    },
    {
      "relationshipType": "DEPENDS_ON",
      "relatedSpdxElement": "SPDXRef-Package-ECE93C9EE20F13DBEB21733C05EB3B862E623EB3E2898ABCDEF42D50D83E6815",
      "spdxElementId": "SPDXRef-RootPackage"
    },
    {
      "relationshipType": "DEPENDS_ON",
      "relatedSpdxElement": "SPDXRef-Package-CB3E43ED2FAAF926BACC8A3E5A5219246BD37049F5C72FD776C3144C1DBAB0A3",
      "spdxElementId": "SPDXRef-RootPackage"
    },
    {
      "relationshipType": "DEPENDS_ON",
      "relatedSpdxElement": "SPDXRef-Package-D3CFD0E43003E618EEF37E2815DE44CF2107C79C821D7D2D622B5A820EE116B2",
      "spdxElementId": "SPDXRef-RootPackage"
    },
    {
      "relationshipType": "DEPENDS_ON",
      "relatedSpdxElement": "SPDXRef-Package-4A969F1CAD0CF093935B0E1F4D471F10DEDF64B8F491D8834D9FF9347FBB46BA",
      "spdxElementId": "SPDXRef-RootPackage"
    },
    {
      "relationshipType": "DEPENDS_ON",
      "relatedSpdxElement": "SPDXRef-Package-60915AEE87988EB50C231A8BA415B1B229382B1084B1E5CC654E5AFDD2711976",
      "spdxElementId": "SPDXRef-RootPackage"
    },
    {
      "relationshipType": "DEPENDS_ON",
      "relatedSpdxElement": "SPDXRef-Package-A201A83BB9B558521C1843189C5E5B4180509C6DD6516C64279F563977638058",
      "spdxElementId": "SPDXRef-RootPackage"
    },
    {
      "relationshipType": "DEPENDS_ON",
      "relatedSpdxElement": "SPDXRef-Package-1AE2553101B12AE81A36A0BB1D9A284EC949FECE1670ABC2EB2238088BDED5FD",
      "spdxElementId": "SPDXRef-RootPackage"
    },
    {
      "relationshipType": "DEPENDS_ON",
      "relatedSpdxElement": "SPDXRef-Package-CB84EC6DCE6593D34F43A7D53EC9232D260DCE6BE6750D8F5AD6E3FA3620D86A",
      "spdxElementId": "SPDXRef-RootPackage"
    },
    {
      "relationshipType": "DEPENDS_ON",
      "relatedSpdxElement": "SPDXRef-Package-8D3D37472D9150A034C48D5BB8A7580402D98AB4911B8F5BD9983E1C9B8D981A",
      "spdxElementId": "SPDXRef-RootPackage"
    },
    {
      "relationshipType": "DEPENDS_ON",
      "relatedSpdxElement": "SPDXRef-Package-A244012F9B0B82ABCAD9E7F5D329AED18D7B3AC639B151A2EAA8D55CE261FDB3",
      "spdxElementId": "SPDXRef-RootPackage"
    },
    {
      "relationshipType": "DEPENDS_ON",
      "relatedSpdxElement": "SPDXRef-Package-1BF7CFF33C0B42239F4F061CFE5D04EB9C95C290D01BF714C52715D36BDF3275",
      "spdxElementId": "SPDXRef-RootPackage"
    },
    {
      "relationshipType": "DEPENDS_ON",
      "relatedSpdxElement": "SPDXRef-Package-867248F97C6C41C75AD10676673191D1F589BE302E260F953ED535BC34C37F44",
      "spdxElementId": "SPDXRef-RootPackage"
    },
    {
      "relationshipType": "DEPENDS_ON",
      "relatedSpdxElement": "SPDXRef-Package-490397CA5E7A67CC7226926418351663AEC1B56062EE0469D8461D7DBAD4A0FC",
      "spdxElementId": "SPDXRef-RootPackage"
    },
    {
      "relationshipType": "DEPENDS_ON",
      "relatedSpdxElement": "SPDXRef-Package-60C21F9EC90E901A86AF6DABDE3A75AB0562E587612228A47C85B57DACA218EE",
      "spdxElementId": "SPDXRef-RootPackage"
    },
    {
      "relationshipType": "DEPENDS_ON",
      "relatedSpdxElement": "SPDXRef-Package-45F18602780C4D414694A3E1A8C6A21F6860CAA639E4A56E1C0498902B5457CC",
      "spdxElementId": "SPDXRef-RootPackage"
    },
    {
      "relationshipType": "DEPENDS_ON",
      "relatedSpdxElement": "SPDXRef-Package-F582A2CDB99CFC7548CDEA145383A09E11B8227C68B57ACF175FB0855A391A91",
      "spdxElementId": "SPDXRef-RootPackage"
    },
    {
      "relationshipType": "DEPENDS_ON",
      "relatedSpdxElement": "SPDXRef-Package-CF4969A3DF1DA7017EFAFCEE9DA33EAA304EB69AB7D0BC2AF7425BBB7FE97670",
      "spdxElementId": "SPDXRef-RootPackage"
    },
    {
      "relationshipType": "DEPENDS_ON",
      "relatedSpdxElement": "SPDXRef-Package-637A01904275036D44FE8839672F3A6B014A90B92A7763740B8B39661C98E9F0",
      "spdxElementId": "SPDXRef-RootPackage"
    },
    {
      "relationshipType": "DEPENDS_ON",
      "relatedSpdxElement": "SPDXRef-Package-34BF238B2C110D71E22F93DEF17AE7CDC40023E3B83A9876C63386128B780105",
      "spdxElementId": "SPDXRef-RootPackage"
    },
    {
      "relationshipType": "DEPENDS_ON",
      "relatedSpdxElement": "SPDXRef-Package-804FFBF77456E521292B0CAC4E81AA277BC9EABC985359347B5EADD37973A64E",
      "spdxElementId": "SPDXRef-RootPackage"
    },
    {
      "relationshipType": "DEPENDS_ON",
      "relatedSpdxElement": "SPDXRef-Package-D9AA59A26025EE77BBED23C7D7A2061295BA62E602814EB63FC2EAF74F0F5A08",
      "spdxElementId": "SPDXRef-RootPackage"
    },
    {
      "relationshipType": "DEPENDS_ON",
      "relatedSpdxElement": "SPDXRef-Package-6379CCB25AF5E1D2D13BBCF25714BF668FEFAF783E34D1CF18559CCD8F256B56",
      "spdxElementId": "SPDXRef-RootPackage"
    },
    {
      "relationshipType": "DEPENDS_ON",
      "relatedSpdxElement": "SPDXRef-Package-3036FA4AA4AA8E25839A015031B16C7C68F673BE21CD50A5A3E074465C383F13",
      "spdxElementId": "SPDXRef-RootPackage"
    },
    {
      "relationshipType": "DEPENDS_ON",
      "relatedSpdxElement": "SPDXRef-Package-9E53FE875E664A27A2E724AFF652599115D64E8089686A17CB0FAA794CFF39A2",
      "spdxElementId": "SPDXRef-RootPackage"
    },
    {
      "relationshipType": "DEPENDS_ON",
      "relatedSpdxElement": "SPDXRef-Package-69F188F3B630B0954CC02292E0429557B2898AF3DD8176715C652A103D96A811",
      "spdxElementId": "SPDXRef-RootPackage"
    },
    {
      "relationshipType": "DEPENDS_ON",
      "relatedSpdxElement": "SPDXRef-Package-CCF1A38E9EC6F8280F5E548D5990D28E6BD343BF07BA78EB019930DBF1DD4DB2",
      "spdxElementId": "SPDXRef-RootPackage"
    },
    {
      "relationshipType": "DEPENDS_ON",
      "relatedSpdxElement": "SPDXRef-Package-45DD9E578C3E9A199FFEFF11A71808023997EC4ABE6238ABD4A44A6F3AB7C4F6",
      "spdxElementId": "SPDXRef-RootPackage"
    },
    {
      "relationshipType": "DEPENDS_ON",
      "relatedSpdxElement": "SPDXRef-Package-A2B081BCBE2B8C6594A047E2875ACC1A22A32425EFE016DD38A6E507695AF458",
      "spdxElementId": "SPDXRef-RootPackage"
    },
    {
      "relationshipType": "DEPENDS_ON",
      "relatedSpdxElement": "SPDXRef-Package-A4293C549C790A8F1609609314EF695B655CA5F26EFA7CC0B5C769F997103053",
      "spdxElementId": "SPDXRef-RootPackage"
    },
    {
      "relationshipType": "DEPENDS_ON",
      "relatedSpdxElement": "SPDXRef-Package-9AEFF11D81BE31D34822BA6514744805604C828085A039E0A1259B653FB3BC47",
      "spdxElementId": "SPDXRef-RootPackage"
    },
    {
      "relationshipType": "DEPENDS_ON",
      "relatedSpdxElement": "SPDXRef-Package-D68CA5561DDA8448FD2A45A6D8D8185A535C2A2A0A28B23EC0C28CC15E4D1BCE",
      "spdxElementId": "SPDXRef-RootPackage"
    },
    {
      "relationshipType": "DEPENDS_ON",
      "relatedSpdxElement": "SPDXRef-Package-5BA1E5C2B10550091502769362551124D6B9287661619795DAA6C954C16897AB",
      "spdxElementId": "SPDXRef-RootPackage"
    },
    {
      "relationshipType": "DEPENDS_ON",
      "relatedSpdxElement": "SPDXRef-Package-6EAF49B35D295070314D6C00862A1C560DEE936C1B814CC033AFA547880936B8",
      "spdxElementId": "SPDXRef-RootPackage"
    },
    {
      "relationshipType": "DEPENDS_ON",
      "relatedSpdxElement": "SPDXRef-Package-F928CCB6DB964512EDCE2D10C5F5CC995B11E2558AA595FAB059AB094EDA9BEE",
      "spdxElementId": "SPDXRef-RootPackage"
    },
    {
      "relationshipType": "DEPENDS_ON",
      "relatedSpdxElement": "SPDXRef-Package-7B01359D3DE48AAC269F0C9D1861C1DDDDE5B2CD5465B04C9BD37F5DAF26DA22",
      "spdxElementId": "SPDXRef-RootPackage"
    },
    {
      "relationshipType": "DEPENDS_ON",
      "relatedSpdxElement": "SPDXRef-Package-FAECEF17BB3875775BB06883BCCCBF61C32DC3568557FBD2612E08CD2A704D85",
      "spdxElementId": "SPDXRef-RootPackage"
    },
    {
      "relationshipType": "DEPENDS_ON",
      "relatedSpdxElement": "SPDXRef-Package-55FBA99B1D65EDB6759C80CCBDCE0996BC6490650FA4CA8E6FA9DE29866D0DAC",
      "spdxElementId": "SPDXRef-RootPackage"
    },
    {
      "relationshipType": "DEPENDS_ON",
      "relatedSpdxElement": "SPDXRef-Package-0F97E559D44AF6CF61DB1CE25354F19E118683D627E26EE2A3CCFEE217DDEAC7",
      "spdxElementId": "SPDXRef-RootPackage"
    }
  ],
  "spdxVersion": "SPDX-2.2",
  "dataLicense": "CC0-1.0",
  "SPDXID": "SPDXRef-DOCUMENT",
  "name": "Threats Manager Studio 2.2.2",
  "documentNamespace": "https://threatsmanager.com/Threats%20Manager%20Studio/2.2.2/sF_xFuJ3ZUq8CY33OLI4-w",
  "creationInfo": {
    "created": "2024-05-24T06:53:09Z",
    "creators": [
      "Organization: Simone Curzi",
      "Tool: Microsoft.SBOMTool-2.2.4"
    ]
  },
  "documentDescribes": [
    "SPDXRef-RootPackage"
  ]
}