{
    "strictValidation" : true,
    "sheets" :
    [
        {
            "name" : "1000",
            "objectType" : "ThreatType",
            "hitPolicy" : "Replace",
            "forceClear" : false,
            "firstRow" : 2,
            "columns" :
            [
                {
                    "index" : 2,
                    "fieldType" : "Name"
                },
                {
                    "index" : 5,
                    "fieldType" : "Description"
                },
                {
                    "index" : 8,
                    "fieldType" : "Severity"
                }
            ]
        }
    ]
}